variant,auc,pr_auc,brier,log_loss,accuracy,ece,ece_15,ece_quantile_10,calibration_intercept,calibration_slope,sensitivity_0.1,specificity_0.1,ppv_0.1,npv_0.1,sensitivity_0.2,specificity_0.2,ppv_0.2,npv_0.2,sensitivity_0.5,specificity_0.5,ppv_0.5,npv_0.5,auc_ci_95_lower,auc_ci_95_upper,brier_ci_95_lower,brier_ci_95_upper,ece_ci_95_lower,ece_ci_95_upper,seed
random_forest,0.8351752902187679,0.4058181162653366,0.0643323060984605,0.2275687107846053,0.9197891036906856,0.007349954376097,0.0089555782776798,0.0106257925483306,0.2890826868065119,1.0992090424273526,0.7227162489894907,0.7767169695103172,0.235635213494992,0.967117246668584,0.4284559417946645,0.9377117339082228,0.3958177744585511,0.9451342542293962,0.1253031527890056,0.9954573452417615,0.7242990654205608,0.9227749625294412,0.8258340248714102,0.8469645150960987,0.0519448410349395,0.0730207985069544,0.004678700475709,0.0184976326457074,0
extra_trees,0.8384736834374075,0.4236054880663869,0.0635303961687431,0.2252131145027257,0.92091388400703,0.0098699733567652,0.0098699733567657,0.0106196575746924,0.3413701690488282,1.1727597110640222,0.7493936944219887,0.7563905143209116,0.2265949645563432,0.9694099072429444,0.465642683912692,0.9307822605481983,0.3905084745762712,0.948156862745098,0.1350040420371867,0.9957653218355405,0.7522522522522522,0.9235878026137256,0.8270908661800361,0.8497407667123964,0.0515715065711788,0.0722026797886828,0.0078743904760613,0.0211503115628418,0
hist_gradient_boosting,0.8387960380815425,0.4243391616828744,0.0630014283313847,0.2237299515231033,0.9217574692442884,0.0043253907141315,0.0052710260790079,0.0074384466324047,-0.0181594612698772,0.9857985598659702,0.692805173807599,0.7980443486295041,0.2462643678160919,0.9646347138203816,0.4842360549717057,0.9268555589775176,0.3867010974822466,0.9496686651940676,0.1988682295877122,0.9906067138897444,0.6684782608695652,0.9284837988020496,0.827795883722591,0.8483198636338666,0.0521638130139676,0.0711828126370102,0.0041369868660905,0.0179299045052108,0
calibrated_logistic_regression,0.8059303046727543,0.3666032533513451,0.0669344551804945,0.2391783088045431,0.9185940246045694,0.0064316328023206,0.0089472455579056,0.0112206620465923,-0.0853680573953726,0.9492326187522556,0.6426839126919968,0.8031259624268555,0.2371718377088305,0.9593488457647384,0.3936944219886823,0.9320141669233138,0.3554744525547445,0.941656942823804,0.1503637833468067,0.9917616261164152,0.6348122866894198,0.9245621590582832,0.7921115261799607,0.8243554553155188,0.0545426852161554,0.0755194427179695,0.0040588569423941,0.0180369047564304,0
apache_raw,0.8357465531892008,0.41687260281493,0.0666003134111185,0.2362019130585747,0.9154305799648508,0.0392314030406246,0.0392314030406263,0.0395125513007314,-0.6720732350381241,0.9086707398984424,0.7720291026677445,0.7143517092700955,0.2047159699892818,0.9705020920502092,0.6160064672594988,0.8635663689559594,0.3007103393843725,0.9593704559062528,0.3314470493128537,0.971050200184786,0.5216284987277354,0.9384626832353598,0.8241509972697552,0.8592161372627739,0.0557961437414633,0.0720848920722739,0.0223730668374909,0.0561536885623081,0
apache_only_logistic,0.8357204112794622,0.4152308683499895,0.0645342214538488,0.231926325191313,0.9198594024604568,0.0165465454667314,0.0208733718422518,0.0215908688550751,-0.3064463380371021,0.9191648410685764,0.5925626515763945,0.8783492454573453,0.3169044530912235,0.9576897246474144,0.4591754244139046,0.9403295349553434,0.422933730454207,0.948067070330694,0.2861762328213419,0.9802125038497074,0.5793780687397708,0.935140296753342,0.8227259826633992,0.8550646820971143,0.0530538155701586,0.0713628691828001,0.0118940622672604,0.0266268946437688,0
apache_recalibrated,0.8366963759097072,0.4169433875566821,0.0635421078053731,0.2262600720055401,0.9205623901581722,0.0108678609084277,0.0111162831412358,0.0113156350468108,-0.305365558960564,0.9183397077125004,0.692805173807599,0.8070526639975362,0.2548319952423431,0.9650156508930215,0.5286984640258691,0.9146134893748076,0.3709585933068633,0.9532177820574548,0.2594987873888439,0.9835232522328304,0.6,0.93308984660336,0.8247868763626286,0.8578758105286463,0.0523659790116938,0.0700152872108474,0.0047789022436395,0.0266311139604447,0
deterministic,0.8426262013141165,0.4299105686521294,0.062821173882752,0.2221369823339604,0.9218277680140596,0.0049915220915963,0.0066278854391074,0.0047670203878631,0.0365972526416178,0.9805446016284808,0.7162489894907034,0.7946566060979365,0.2493667323388685,0.9671101949025488,0.4785772029102668,0.9261626116415153,0.3816892327530625,0.9491084109199937,0.1786580436540016,0.992608561749307,0.6971608832807571,0.9269485188380788,0.8331349258066488,0.8497343672377575,0.0519619317126163,0.0709902569426153,0.0035140180032849,0.0179931299488931,0
mean_logit,0.8421212267576638,0.4310215464777597,0.0628376159763917,0.2226690274701668,0.9218980667838312,0.0087123828007771,0.009267368323777,0.0085237052567314,0.1314138953473783,1.1172470510858177,0.7647534357316087,0.7507699414844472,0.2261534783648099,0.9710217088229436,0.5012126111560227,0.9171542962734832,0.365566037735849,0.950754250139676,0.1729991915925626,0.9932245149368648,0.7086092715231788,0.9265244559362208,0.8324586388646517,0.8494707384488149,0.0522692587629207,0.0709373329011019,0.0061938242761315,0.0243778523307133,0
baseline,0.8420602912109157,0.430747862627669,0.06287013962746,0.2228845882046004,0.9218980667838312,0.0095551423366546,0.0102627746792571,0.0098930543666979,0.1343660955100745,1.1283859491171524,0.767178658043654,0.74591931013243,0.2233466698046599,0.9711307137129108,0.5060630557801131,0.9155374191561442,0.363319791062101,0.9511278195488722,0.1729991915925626,0.9932245149368648,0.7086092715231788,0.9265244559362208,0.832182810009035,0.8494534269186055,0.0523561401298214,0.0709322530246662,0.0071500747644196,0.0257124807167558,0
flat_confidence,0.8420602912109157,0.430747862627669,0.0628701396335369,0.2228845882079832,0.9218980667838312,0.0095551423369826,0.0102627746810706,0.009893054367998,0.1343660957276614,1.128385949153332,0.767178658043654,0.74591931013243,0.2233466698046599,0.9711307137129108,0.5060630557801131,0.9155374191561442,0.363319791062101,0.9511278195488722,0.1729991915925626,0.9932245149368648,0.7086092715231788,0.9265244559362208,0.832182810009035,0.8494534269186055,0.0523561401366563,0.0709322530295599,0.007150074752637,0.0257124807132675,0
mc_confidence_only,0.841997114929047,0.4306956649494315,0.06287242360996,0.2228938555851666,0.9216871704745166,0.0096268218054342,0.00983592323323,0.0096328822690222,0.1416448560627978,1.1302482441126966,0.7655618431689571,0.7463812750230983,0.2232963923602924,0.9709535256410255,0.5044462409054163,0.916153372343702,0.3642732049036777,0.951007033248082,0.1705739692805173,0.9932245149368648,0.705685618729097,0.926324859974149,0.832241094022246,0.8494013557596671,0.0523408441502833,0.0709554533894097,0.007022490113101,0.0254940751201971,0
nars_gated,0.84199997809059,0.430701336703949,0.0628722238086586,0.2228934950822894,0.9216871704745166,0.0096283525386096,0.0098370626487849,0.0096330830246242,0.141484584471549,1.1302149927510776,0.7655618431689571,0.7463812750230983,0.2232963923602924,0.9709535256410255,0.5044462409054163,0.9160763781952572,0.3640606767794632,0.951003117256814,0.1705739692805173,0.9932245149368648,0.705685618729097,0.926324859974149,0.8322424719228528,0.8494080764055353,0.0523415153897323,0.0709550972756085,0.007011918185052,0.0254992968629081,0
transformer_recalibrated,0.8420602912109157,0.430747862627669,0.0628978598995931,0.2225408789714305,0.9215465729349736,0.0085539734339065,0.009001850489571,0.0084012278398787,0.1602340642543377,1.0119879714587086,0.7033144704931286,0.8089775177086541,0.2596239928379588,0.9662497700938018,0.4535165723524656,0.9372497690175546,0.407703488372093,0.947388901860067,0.1681487469684721,0.9933015090853096,0.7050847457627119,0.9261306532663316,0.832182810009035,0.8494534269186055,0.0516110328301915,0.0714076103717444,0.0035643544904052,0.0204267858960078,0
random_forest,0.8352928354486288,0.4073370588234525,0.0643551596485484,0.2279845083760328,0.9189455184534272,0.0071771952196822,0.0085494272056235,0.0089626993321618,0.286947425672218,1.0927619148075618,0.7170573969280517,0.780335694487219,0.2371657754010695,0.966618979494516,0.4252223120452708,0.9404835232522328,0.4049268668206313,0.9449945845582548,0.1196443007275667,0.995072374499538,0.6981132075471698,0.922286448298009,0.8243254619566586,0.8459539509400469,0.0525573065211816,0.0736194485924176,0.0054315441163591,0.0196082040189604,1
extra_trees,0.8358924188212786,0.4196149217099646,0.0637384010017826,0.22645935961246,0.9203514938488576,0.0096972132161676,0.0097052975746919,0.0100961084007029,0.3157397768578324,1.1595314721947518,0.7485852869846402,0.7557745611333538,0.2259638848218643,0.9692900167868076,0.459983831851253,0.9317831844779796,0.3910652920962199,0.9476898981989036,0.1285367825383993,0.9957653218355405,0.7429906542056075,0.9230604525016058,0.8243965797757435,0.847194440676131,0.0523641684594977,0.0729579719106915,0.0073843540881148,0.0201809239019051,1
hist_gradient_boosting,0.8393708488825828,0.4240704709738689,0.0630021465771965,0.2235365805783083,0.921476274165202,0.0049227343865398,0.0045161235071342,0.0066912993150668,-0.016940846505298,0.9868867947182868,0.6968472109943411,0.7977363720357253,0.2470621954714818,0.9650707898658718,0.4915117219078415,0.9253156760086232,0.385297845373891,0.9502648849529532,0.1932093775262732,0.9908376963350786,0.6675977653631285,0.9280305761880724,0.8260445722761848,0.8494963201283433,0.0527485947967207,0.0716286546448404,0.0041964849507932,0.0174395192158156,1
calibrated_logistic_regression,0.8059303046727543,0.3666032533513451,0.0669344551804945,0.2391783088045432,0.9185940246045694,0.0064316328023206,0.0089472455579056,0.0112206620465923,-0.0853680573953729,0.9492326187522554,0.6426839126919968,0.8031259624268555,0.2371718377088305,0.9593488457647384,0.3936944219886823,0.9320141669233138,0.3554744525547445,0.941656942823804,0.1503637833468067,0.9917616261164152,0.6348122866894198,0.9245621590582832,0.7911385580456647,0.824672280656373,0.0552474697047624,0.0759665812879625,0.0038755419900154,0.0181119701208199,1
apache_raw,0.8357465531892008,0.41687260281493,0.0666003134111185,0.2362019130585747,0.9154305799648508,0.0392314030406246,0.0392314030406263,0.0395125513007314,-0.672073235038124,0.9086707398984424,0.7720291026677445,0.7143517092700955,0.2047159699892818,0.9705020920502092,0.6160064672594988,0.8635663689559594,0.3007103393843725,0.9593704559062528,0.3314470493128537,0.971050200184786,0.5216284987277354,0.9384626832353598,0.8215010163411395,0.8553992941999045,0.0566653434778559,0.0721714825686168,0.0208513730642996,0.0558898099951691,1
apache_only_logistic,0.8357204112794622,0.4152308683499895,0.0645342214538488,0.231926325191313,0.9198594024604568,0.0165465454667314,0.0208733718422518,0.0215908688550751,-0.3064463380371025,0.9191648410685764,0.5925626515763945,0.8783492454573453,0.3169044530912235,0.9576897246474144,0.4591754244139046,0.9403295349553434,0.422933730454207,0.948067070330694,0.2861762328213419,0.9802125038497074,0.5793780687397708,0.935140296753342,0.819288852203406,0.854177672539576,0.0537618454304156,0.0718957232951914,0.0117607057458125,0.0263580143348281,1
apache_recalibrated,0.8366963759097072,0.4169433875566821,0.0635421078053731,0.2262600720055401,0.9205623901581722,0.0108678609084277,0.0111162831412358,0.0113156350468108,-0.3053655589605639,0.9183397077125004,0.692805173807599,0.8070526639975362,0.2548319952423431,0.9650156508930215,0.5286984640258691,0.9146134893748076,0.3709585933068633,0.9532177820574548,0.2594987873888439,0.9835232522328304,0.6,0.93308984660336,0.8215868268743076,0.8561752766358888,0.0530919858415503,0.0705602021917636,0.0047061938509301,0.0266859601997875,1
deterministic,0.836510114802819,0.4230467214966011,0.0635250055296187,0.2266937452707136,0.9212653778558876,0.0141744315704438,0.0144988600583992,0.0140618360976513,0.078823953564375,0.9174084643129752,0.6418755052546483,0.8386972590083154,0.2748355832467982,0.9609209597741708,0.4397736459175424,0.9398675700646753,0.410566037735849,0.9462790697674418,0.1665319320937752,0.99314752078842,0.6983050847457627,0.9259870782483848,0.8243018897739858,0.8453723167858356,0.0525419576218583,0.072634363408108,0.0079880703290387,0.0277586750828264,1
mean_logit,0.8354755176035886,0.4217624644081222,0.063706919745293,0.2265867612624255,0.9211247803163444,0.0131512234244907,0.0130777456893347,0.0140776887763978,0.2452509508135035,1.0119907495536329,0.6434923201293452,0.8379273175238682,0.2743881420199931,0.961056163899682,0.4260307194826192,0.9439482599322452,0.4199203187250996,0.9452582883577486,0.152789005658852,0.9943024330150908,0.7186311787072244,0.9249391204698468,0.8239872892331211,0.8448939356727359,0.0525659516017127,0.0729533547067828,0.0043635039344007,0.026607696448623,1
baseline,0.8355285483347729,0.4219326855404291,0.0636670575788152,0.2263472826232987,0.9211247803163444,0.012452771990971,0.0121820857818492,0.0132310244618341,0.241702138074956,1.0186435828950038,0.6515763945028294,0.8345395749923006,0.2727580372250423,0.961756876663709,0.4284559417946645,0.9426393594086848,0.4156862745098039,0.9454054054054054,0.152789005658852,0.9943024330150908,0.7186311787072244,0.9249391204698468,0.8240442602421938,0.8449598970376484,0.0525559846731282,0.0728831864980498,0.004372820084177,0.0257308919340864,1
flat_confidence,0.8355285483347729,0.4219326855404291,0.0636670575788132,0.2263472826198305,0.9211247803163444,0.0124527719901418,0.0121820857782266,0.0132310244581913,0.2417021380576746,1.0186435829171478,0.6515763945028294,0.8345395749923006,0.2727580372250423,0.961756876663709,0.4284559417946645,0.9426393594086848,0.4156862745098039,0.9454054054054054,0.152789005658852,0.9943024330150908,0.7186311787072244,0.9249391204698468,0.8240442602421938,0.8449598970376484,0.0525559846692078,0.0728831864973915,0.0043728200803731,0.0257308919356351,1
mc_confidence_only,0.8354261591882962,0.4217591196610971,0.0636915979319498,0.2264621327262362,0.9211247803163444,0.0127546675033397,0.0124885407211784,0.0135369397316261,0.2464936906683116,1.018218843084885,0.6483427647534358,0.8354635047736372,0.2728819326301463,0.9614566719829878,0.427647534357316,0.943178318447798,0.4175217048145225,0.9453619385707672,0.152789005658852,0.9943024330150908,0.7186311787072244,0.9249391204698468,0.8239250079651523,0.8448780072645042,0.0525597983361338,0.0729273074712521,0.0044316815584528,0.0260266694602604,1
nars_gated,0.8354257234898006,0.421762283388424,0.0636912073814411,0.226460838436571,0.9211247803163444,0.0127512783360258,0.0124848489776664,0.0135333014741555,0.2464073977957052,1.018208813699592,0.6483427647534358,0.8354635047736372,0.2728819326301463,0.9614566719829878,0.427647534357316,0.943178318447798,0.4175217048145225,0.9453619385707672,0.152789005658852,0.9943024330150908,0.7186311787072244,0.9249391204698468,0.8239191860838186,0.8448787076826288,0.0525595416191488,0.0729267915701506,0.0044305579634246,0.0260230618534544,1
transformer_recalibrated,0.8355285483347729,0.4219326855404291,0.0635736748855252,0.2262018112428763,0.9215465729349736,0.011426392669994,0.01181147316194,0.0121890142517123,0.1581387621809765,0.982525785145504,0.6556184316895716,0.8339236218047429,0.2732479784366576,0.9621568801634538,0.4341147938561034,0.940406529103788,0.4096109839816934,0.9457952609571008,0.1624898949070331,0.9938404681244224,0.7153024911032029,0.92570281124498,0.8240442602421938,0.8449598970376484,0.0525539258679954,0.0726949225168187,0.0042410789872206,0.0250833996599226,1
random_forest,0.8326997758517967,0.4064720610697671,0.0643306832337858,0.2293555599574653,0.9197188049209138,0.0071075995782059,0.0073764074516701,0.0090052299472759,0.2373411570902689,1.0690394808834258,0.7210994341147938,0.7777948875885433,0.2361037586024351,0.9669761654063368,0.4357316087308003,0.9400215583615644,0.4089529590288315,0.945920818160688,0.1269199676637025,0.9952263627964276,0.7168949771689498,0.9228901899186064,0.8222610622158026,0.8443232550227265,0.0522706914787125,0.0730466666570181,0.0057841056707082,0.0197365151691749,2
extra_trees,0.8371753330417058,0.4238357587785196,0.063566902319888,0.2256995045608396,0.9207732864674868,0.0106661095254822,0.0107624188400697,0.0107827481195078,0.3292379864624399,1.16598814819554,0.746160064672595,0.7548506313520172,0.2247382517652787,0.9689661988535284,0.465642683912692,0.9326301201108717,0.3969676085458304,0.9482542664787852,0.1293451899757478,0.996150292577764,0.7619047619047619,0.9231537638244738,0.8247456964141081,0.8494134409780975,0.0518467681047239,0.0724233193722246,0.0077938030048044,0.0223812348939314,2
hist_gradient_boosting,0.8379525257939734,0.421770844278732,0.0630684404058293,0.2240943533030841,0.9216871704745166,0.0062935700657237,0.0074327791773453,0.0084907523427546,-0.0240887236779566,0.9838951393428798,0.6903799514955538,0.7981983369263936,0.2457553956834532,0.9643720930232558,0.49232012934519,0.927856482907299,0.3939197930142302,0.950469279911665,0.2021018593371059,0.9902217431475208,0.6631299734748011,0.9287261698440208,0.8261694939596796,0.8478756470310229,0.052087378790529,0.0713828179243309,0.005104070421672,0.0181045864369719,2
calibrated_logistic_regression,0.8059303046727543,0.3666032533513451,0.0669344551804945,0.2391783088045432,0.9185940246045694,0.0064316328023206,0.0089472455579056,0.0112206620465923,-0.0853680573953729,0.9492326187522554,0.6426839126919968,0.8031259624268555,0.2371718377088305,0.9593488457647384,0.3936944219886823,0.9320141669233138,0.3554744525547445,0.941656942823804,0.1503637833468067,0.9917616261164152,0.6348122866894198,0.9245621590582832,0.7901724135110866,0.8222821117748846,0.0549411461239683,0.075387735820495,0.0042367331319217,0.0183728133284632,2
apache_raw,0.8357465531892008,0.41687260281493,0.0666003134111185,0.2362019130585747,0.9154305799648508,0.0392314030406246,0.0392314030406263,0.0395125513007314,-0.672073235038124,0.9086707398984424,0.7720291026677445,0.7143517092700955,0.2047159699892818,0.9705020920502092,0.6160064672594988,0.8635663689559594,0.3007103393843725,0.9593704559062528,0.3314470493128537,0.971050200184786,0.5216284987277354,0.9384626832353598,0.822328217272058,0.8553070879172677,0.0561520449535085,0.0720909105279634,0.0214745292687903,0.0572924620407824,2
apache_only_logistic,0.8357204112794622,0.4152308683499895,0.0645342214538488,0.231926325191313,0.9198594024604568,0.0165465454667314,0.0208733718422518,0.0215908688550751,-0.3064463380371025,0.9191648410685764,0.5925626515763945,0.8783492454573453,0.3169044530912235,0.9576897246474144,0.4591754244139046,0.9403295349553434,0.422933730454207,0.948067070330694,0.2861762328213419,0.9802125038497074,0.5793780687397708,0.935140296753342,0.8210258197793523,0.8549524337421767,0.0530509358614173,0.0716971500786914,0.0120040102422999,0.0275370580285278,2
apache_recalibrated,0.8366963759097072,0.4169433875566821,0.0635421078053731,0.2262600720055401,0.9205623901581722,0.0108678609084277,0.0111162831412358,0.0113156350468108,-0.3053655589605639,0.9183397077125004,0.692805173807599,0.8070526639975362,0.2548319952423431,0.9650156508930215,0.5286984640258691,0.9146134893748076,0.3709585933068633,0.9532177820574548,0.2594987873888439,0.9835232522328304,0.6,0.93308984660336,0.8226805703676076,0.8556786940543983,0.0522630323214988,0.070462817085899,0.0047845392509465,0.0283327131885221,2
deterministic,0.8421517256523589,0.4230277921497967,0.0631653012726827,0.2230164526201108,0.9209841827768014,0.0071364727749379,0.0081944504387591,0.0065667732955105,-0.0381099474856261,0.9445622377959696,0.7130153597413096,0.7908838928241454,0.245136186770428,0.9665945233838336,0.4898949070331447,0.9263935940868494,0.3879641485275288,0.9501697859906816,0.185125303152789,0.9910686787804128,0.663768115942029,0.9273775216138328,0.8300266146793247,0.8499961399159824,0.052779125326767,0.0713300353973508,0.0062854266274477,0.0192581396529646,2
mean_logit,0.8426063459112434,0.425761275012361,0.063037665129513,0.2227508595221326,0.9214059753954306,0.0073311073019653,0.007678040171131,0.0061688054626834,0.0270415662555166,1.0655475236159555,0.7696038803556993,0.7513089005235603,0.2276422764227642,0.9716220252912476,0.5165723524656427,0.9153834308592548,0.3676639815880322,0.9521101946023864,0.1827000808407437,0.9917616261164152,0.6786786786786787,0.9272243017564066,0.8306896961049145,0.8499026207555975,0.0530256157817665,0.0709778656438429,0.005895244304383,0.0243184564027507,2
baseline,0.8426173006162769,0.4257126437046269,0.063058553870991,0.2229017729660261,0.9214059753954306,0.0078890595200788,0.0087936116644003,0.007258636168436,0.0277645646964698,1.0766858321433237,0.7744543249797898,0.7452263627964275,0.2245137098664167,0.9719823257682264,0.5198059822150364,0.9133045888512472,0.3634821933295647,0.9523121387283237,0.1827000808407437,0.9917616261164152,0.6786786786786787,0.9272243017564066,0.8304315144445574,0.8500599171377275,0.0530648430925677,0.0709820322880458,0.0062434615411762,0.0255357431366257,2
flat_confidence,0.8426173006162769,0.4257126437046269,0.0630585538697215,0.2229017729608191,0.9214059753954306,0.0078890595194682,0.0087936116594037,0.0072586361725332,0.0277645649941547,1.0766858322937105,0.7744543249797898,0.7452263627964275,0.2245137098664167,0.9719823257682264,0.5198059822150364,0.9133045888512472,0.3634821933295647,0.9523121387283237,0.1827000808407437,0.9917616261164152,0.6786786786786787,0.9272243017564066,0.8304315144445574,0.8500599171377275,0.0530648430958351,0.0709820322872753,0.0062434615382938,0.0255357431436198,2
mc_confidence_only,0.8425544355476194,0.4256747647580037,0.0630648594508276,0.2229238967890362,0.9213356766256592,0.008236528552274,0.0089049035205495,0.0067820670915941,0.0295233470481814,1.0767428218813708,0.7736459175424414,0.7451493686479828,0.2242793531755331,0.9718819039967864,0.5198059822150364,0.9137665537419156,0.3647192285876347,0.9523350987000482,0.1818916734033953,0.9917616261164152,0.677710843373494,0.9271575613618368,0.8304176453882344,0.8500130228271905,0.0530643743877202,0.070994467980776,0.0063986815641617,0.0254503772361895,2
nars_gated,0.8425533151800593,0.4256604434681733,0.0630650714820891,0.2229253902890191,0.9213356766256592,0.0082429181672047,0.0089157254440113,0.0067871664171994,0.0293197383003657,1.0767407796498825,0.7736459175424414,0.745072374499538,0.2242268041237113,0.97187908004419,0.5198059822150364,0.9137665537419156,0.3647192285876347,0.9523350987000482,0.1818916734033953,0.9917616261164152,0.677710843373494,0.9271575613618368,0.8304189836816807,0.8500109006474211,0.0530651582921598,0.0709940929713633,0.0064047789897239,0.0254624439106686,2
transformer_recalibrated,0.8426173006162769,0.4257126437046269,0.0631519702167169,0.2229766684090175,0.9211247803163444,0.0098176988671672,0.0098419601764775,0.0093749552692916,0.1463846514892938,0.9982676223136456,0.6879547291835085,0.8112873421619957,0.2577225923682616,0.96466172296988,0.4478577202910266,0.938250692947336,0.4085545722713864,0.9469267231331104,0.1673403395311236,0.992916538343086,0.6923076923076923,0.9260376274594284,0.8304315144445574,0.8500599171377275,0.0521108102156346,0.0715066420744788,0.0047438663704457,0.0217999702178391,2
random_forest,0.8346715293938388,0.4073278609586651,0.0643398216344897,0.2289951458785217,0.9189455184534272,0.007941519578206,0.0083794809138837,0.0092032958875221,0.2613669618170395,1.0823363498041847,0.7227162489894907,0.7797197412996613,0.2380825565912117,0.9672397325692454,0.4292643492320129,0.9386356636895596,0.3998493975903614,0.945258587268357,0.1188358932902182,0.9951493686479828,0.7,0.9222261862290404,0.8228822756710595,0.8470969157689255,0.0514687475189101,0.07316236261291,0.0054450072759576,0.0188270127868896,3
extra_trees,0.8374072180053523,0.422149240015409,0.0635920852372843,0.2253574921031858,0.9208435852372584,0.0100534530755701,0.0100703247803159,0.0103890776801405,0.3361570271525364,1.1707609026802643,0.7526273241713823,0.754927625500462,0.226300437530384,0.9697359311640787,0.4624090541632983,0.9325531259624268,0.3950276243093922,0.947953353682398,0.131770412287793,0.9959963042808746,0.7581395348837209,0.9233404710920772,0.8262905107890466,0.8498366628350008,0.0512461089158832,0.0723397236886195,0.007802007387995,0.0211882305804186,3
hist_gradient_boosting,0.8361347916701418,0.4218039016602068,0.0631299305071566,0.2246330138284823,0.9223198594024604,0.0055518296815947,0.0055863386240966,0.0077821317467911,-0.0233377040700656,0.9874532522279116,0.6911883589329022,0.7961194949183862,0.2440765058521267,0.9643723185972768,0.4793856103476152,0.9250076994148444,0.3784301212507977,0.9491230842155158,0.1980598221503637,0.9912996612257468,0.6843575418994413,0.9284632580947574,0.8257174420212507,0.8463484643012208,0.0520469794150756,0.0712668864720901,0.0048018805504549,0.0178454601104114,3
calibrated_logistic_regression,0.8059303046727543,0.3666032533513451,0.0669344551804945,0.2391783088045432,0.9185940246045694,0.0064316328023206,0.0089472455579056,0.0112206620465923,-0.0853680573953729,0.9492326187522554,0.6426839126919968,0.8031259624268555,0.2371718377088305,0.9593488457647384,0.3936944219886823,0.9320141669233138,0.3554744525547445,0.941656942823804,0.1503637833468067,0.9917616261164152,0.6348122866894198,0.9245621590582832,0.7923538340903098,0.8247406778863545,0.0541069025869022,0.0751299383738809,0.0043332438899799,0.0182387961176989,3
apache_raw,0.8357465531892008,0.41687260281493,0.0666003134111185,0.2362019130585747,0.9154305799648508,0.0392314030406246,0.0392314030406263,0.0395125513007314,-0.672073235038124,0.9086707398984424,0.7720291026677445,0.7143517092700955,0.2047159699892818,0.9705020920502092,0.6160064672594988,0.8635663689559594,0.3007103393843725,0.9593704559062528,0.3314470493128537,0.971050200184786,0.5216284987277354,0.9384626832353598,0.8235254146048953,0.8566145651578035,0.0555464586717778,0.0722065277703545,0.0218802933781242,0.056340100595586,3
apache_only_logistic,0.8357204112794622,0.4152308683499895,0.0645342214538488,0.231926325191313,0.9198594024604568,0.0165465454667314,0.0208733718422518,0.0215908688550751,-0.3064463380371025,0.9191648410685764,0.5925626515763945,0.8783492454573453,0.3169044530912235,0.9576897246474144,0.4591754244139046,0.9403295349553434,0.422933730454207,0.948067070330694,0.2861762328213419,0.9802125038497074,0.5793780687397708,0.935140296753342,0.8229576791922123,0.853839241928639,0.052426448086724,0.0716503605099687,0.0114851745334962,0.0273613592493837,3
apache_recalibrated,0.8366963759097072,0.4169433875566821,0.0635421078053731,0.2262600720055401,0.9205623901581722,0.0108678609084277,0.0111162831412358,0.0113156350468108,-0.3053655589605639,0.9183397077125004,0.692805173807599,0.8070526639975362,0.2548319952423431,0.9650156508930215,0.5286984640258691,0.9146134893748076,0.3709585933068633,0.9532177820574548,0.2594987873888439,0.9835232522328304,0.6,0.93308984660336,0.8248634259018254,0.8567906719336912,0.0515879573423479,0.0703942980274816,0.0047200346514164,0.0273126836452978,3
deterministic,0.8412712723566236,0.4303925169541041,0.0629103237441545,0.2237084216220615,0.9221089630931458,0.0106338874183051,0.0129835497800535,0.0100577004776812,0.0113840160390514,0.914451412952455,0.683104284559418,0.8179858330766862,0.2633219071361795,0.9644153957879448,0.4640258690379951,0.9318601786264245,0.3934201507882111,0.9480651731160896,0.1778496362166532,0.9929935324915308,0.707395498392283,0.9269081500646832,0.8321404151745381,0.8499808573274031,0.0515464585348812,0.0714058492097982,0.0081607081740776,0.0222441140557521,3
mean_logit,0.8413245831796978,0.4310482532369161,0.0628371053948275,0.2224107057855179,0.9213356766256592,0.0026220725566424,0.0076289163618626,0.0062836246984637,0.057991406113899,1.01619192950564,0.7340339531123686,0.7826455189405606,0.2433663897078531,0.9686487516676195,0.4931285367825384,0.9218509393286112,0.3753846153846153,0.9502380952380952,0.1673403395311236,0.99314752078842,0.6993243243243243,0.9260535573264412,0.8322968083240936,0.8499745451397355,0.0515760057661955,0.0710445039182146,0.0026342333070711,0.0188028961293557,3
baseline,0.8414491929494523,0.4311674963158389,0.0628345289498522,0.2223560787779486,0.9213356766256592,0.0027008264590195,0.0071058180069815,0.005345191563234,0.0593969945834049,1.0262755684809386,0.7380759902991108,0.7773329226978749,0.2399474375821287,0.9689059500959692,0.4971705739692805,0.9203880505081614,0.3729533050333535,0.9505407124681934,0.1673403395311236,0.99314752078842,0.6993243243243243,0.9260535573264412,0.8322780245114751,0.8500719074743358,0.0516056434938918,0.0710153607031565,0.0025701101634186,0.0195025686927145,3
flat_confidence,0.8414491929494523,0.4311674963158389,0.0628345289512386,0.2223560787901388,0.9213356766256592,0.0027008264607443,0.0071058180095284,0.0053451915600015,0.0593969942498732,1.0262755682991618,0.7380759902991108,0.7773329226978749,0.2399474375821287,0.9689059500959692,0.4971705739692805,0.9203880505081614,0.3729533050333535,0.9505407124681934,0.1673403395311236,0.99314752078842,0.6993243243243243,0.9260535573264412,0.8322780245114751,0.8500719074743358,0.051605643502087,0.0710153606969849,0.0025701101628559,0.0195025686942878,3
mc_confidence_only,0.8414219306721532,0.431021458731524,0.0628394341898468,0.2223732867873544,0.921195079086116,0.0024039595195886,0.007482172130931,0.0052607742967491,0.0630537961234409,1.0263813806346274,0.7380759902991108,0.7781798583307669,0.2406431207169214,0.9689387402933564,0.4963621665319321,0.921080997844164,0.3746186699206833,0.950500556173526,0.1657235246564268,0.99314752078842,0.6972789115646258,0.925920608714378,0.8323242151060309,0.8500898974231835,0.0516031887800459,0.0710219475182968,0.0026422014017376,0.0192695062098656,3
nars_gated,0.8414234867382092,0.4310366588676093,0.062839309771122,0.2223725990028724,0.921195079086116,0.0024026698698955,0.0074793865059463,0.0052597676551471,0.0630627622655914,1.0264288802684842,0.7380759902991108,0.7781798583307669,0.2406431207169214,0.9689387402933564,0.4963621665319321,0.921080997844164,0.3746186699206833,0.950500556173526,0.1657235246564268,0.99314752078842,0.6972789115646258,0.925920608714378,0.8323291757020571,0.8501010737567233,0.0516034179631306,0.0710215924451045,0.0026461972872513,0.0192735108713048,3
transformer_recalibrated,0.8414491929494523,0.4311674963158389,0.0630179751526266,0.2232392105664833,0.9212653778558876,0.0104180541316618,0.0105406946768198,0.0109412750676955,0.1707053046967666,0.9983264446859514,0.6887631366208569,0.8157530027717893,0.2625577812018489,0.964936247723133,0.4510913500404204,0.9360178626424392,0.4017278617710583,0.9471019009037084,0.1544058205335489,0.9943024330150908,0.720754716981132,0.9250716332378224,0.8322780245114751,0.8500719074743358,0.0512511876659321,0.0715452269235457,0.0050139300449665,0.0221074205350978,3
random_forest,0.8366073378099902,0.4074842559426686,0.0642613857821173,0.2280001934119021,0.91908611599297,0.0076539978207368,0.0073351928998239,0.0091452991915641,0.2710246304572506,1.087395114114331,0.7227162489894907,0.78002771789344,0.238336443615036,0.9672522436509452,0.4324979789814066,0.939328611025562,0.4043839758125472,0.9455898310339482,0.1228779304769603,0.9949183862026486,0.6972477064220184,0.9225387306346826,0.8260882740457826,0.8462487522409977,0.0520335264377316,0.0728738867673608,0.0047806931471493,0.018025615828153,4
extra_trees,0.8364978841236198,0.4209963328260505,0.063717555659076,0.2263613443468306,0.9207029876977152,0.0109372834446387,0.0109372834446392,0.0121098167311071,0.3198200589036544,1.1623555811404225,0.7574777687954729,0.7543116723129042,0.2269864341085271,0.9702882044171536,0.4729183508488278,0.9300123190637511,0.3915662650602409,0.948786426832142,0.1301535974130962,0.9959963042808746,0.755868544600939,0.9232086782757636,0.8254560335983477,0.8474758835520544,0.0520772135035999,0.0725428939031352,0.0085336474167577,0.0210049185331536,4
hist_gradient_boosting,0.8383544265348849,0.4250790961855802,0.0628677094821317,0.223771838174718,0.9220386643233744,0.0025846135201591,0.0037389305219709,0.0048916864892795,0.0602933721279156,1.0313727359691605,0.6944219886822959,0.7978903603326147,0.2465556831228473,0.9648077460199236,0.4826192400970089,0.928164459501078,0.3901960784313725,0.9495864513588028,0.1907841552142279,0.9916846319679704,0.686046511627907,0.9278870398386284,0.8271943784259961,0.8469768073329372,0.051982228225822,0.0711345479757394,0.0027860047439587,0.0167712535728525,4
calibrated_logistic_regression,0.8059303046727543,0.3666032533513451,0.0669344551804945,0.2391783088045432,0.9185940246045694,0.0064316328023206,0.0089472455579056,0.0112206620465923,-0.0853680573953729,0.9492326187522554,0.6426839126919968,0.8031259624268555,0.2371718377088305,0.9593488457647384,0.3936944219886823,0.9320141669233138,0.3554744525547445,0.941656942823804,0.1503637833468067,0.9917616261164152,0.6348122866894198,0.9245621590582832,0.7915252102516764,0.823698703394406,0.0552930662032714,0.0757286534788537,0.0038235679914794,0.0175531513083559,4
apache_raw,0.8357465531892008,0.41687260281493,0.0666003134111185,0.2362019130585747,0.9154305799648508,0.0392314030406246,0.0392314030406263,0.0395125513007314,-0.672073235038124,0.9086707398984424,0.7720291026677445,0.7143517092700955,0.2047159699892818,0.9705020920502092,0.6160064672594988,0.8635663689559594,0.3007103393843725,0.9593704559062528,0.3314470493128537,0.971050200184786,0.5216284987277354,0.9384626832353598,0.8232111653476526,0.8548712867122124,0.0562959510769433,0.0720875329421185,0.0222108151468887,0.0556090999151665,4
apache_only_logistic,0.8357204112794622,0.4152308683499895,0.0645342214538488,0.231926325191313,0.9198594024604568,0.0165465454667314,0.0208733718422518,0.0215908688550751,-0.3064463380371025,0.9191648410685764,0.5925626515763945,0.8783492454573453,0.3169044530912235,0.9576897246474144,0.4591754244139046,0.9403295349553434,0.422933730454207,0.948067070330694,0.2861762328213419,0.9802125038497074,0.5793780687397708,0.935140296753342,0.8211164022893584,0.8528770248803071,0.0537390463330531,0.0713792949011517,0.0116655103960321,0.0263708433805981,4
apache_recalibrated,0.8366963759097072,0.4169433875566821,0.0635421078053731,0.2262600720055401,0.9205623901581722,0.0108678609084277,0.0111162831412358,0.0113156350468108,-0.3053655589605639,0.9183397077125004,0.692805173807599,0.8070526639975362,0.2548319952423431,0.9650156508930215,0.5286984640258691,0.9146134893748076,0.3709585933068633,0.9532177820574548,0.2594987873888439,0.9835232522328304,0.6,0.93308984660336,0.823746290288544,0.8545886108595938,0.0527891978421827,0.0700605557701154,0.0046052965140536,0.0265693583872889,4
deterministic,0.8439511604393733,0.4340150682123231,0.0626476879809035,0.2228213111995085,0.9219683655536028,0.0116211039666413,0.0119129463334147,0.0099106757324974,-0.0217794796554067,0.8959323600075925,0.6911883589329022,0.8077456113335386,0.255071599045346,0.9648671019957692,0.4777687954729183,0.9274715121650756,0.385518590998043,0.9491017964071856,0.1697655618431689,0.9936094856790884,0.7167235494880546,0.9262848119437268,0.8344879526277403,0.8502401708600535,0.0520557622970254,0.070787807257998,0.0095874191914612,0.0215101503804727,4
mean_logit,0.8439390853667796,0.4344085915433416,0.0625977813149167,0.2213542363505831,0.9219683655536028,0.0060945999624202,0.0062737878840214,0.0057746819844765,0.089496134968683,1.0050169513790386,0.7186742118027486,0.7866492146596858,0.2428961748633879,0.967061050638902,0.4874696847210994,0.9242377579303972,0.3799621928166352,0.949833834467479,0.1673403395311236,0.9938404681244224,0.7212543554006968,0.9261013057827522,0.8351600260542682,0.8506487371510285,0.0517867980764802,0.0707659332995799,0.0047480858397505,0.0168622399468102,4
baseline,0.8439336702569051,0.4342141379338343,0.0625993962322005,0.2212894050622756,0.9219683655536028,0.0047545314853891,0.0059246803899829,0.005619530393326,0.0931386037959492,1.016002412242896,0.7283751010509296,0.7836464428703419,0.2427917003503099,0.9680426098535286,0.4898949070331447,0.9228518632583924,0.376865671641791,0.949988111278434,0.1673403395311236,0.9938404681244224,0.7212543554006968,0.9261013057827522,0.8350971522718882,0.8507072465415018,0.0518248989370749,0.0707395258632655,0.0037847358182485,0.0160945769928952,4
flat_confidence,0.8439336702569051,0.4342141379338343,0.0625993962394016,0.2212894050892653,0.9219683655536028,0.0047545314784211,0.0059246803808906,0.0056195303882667,0.093138603100121,1.0160024119065896,0.7283751010509296,0.7836464428703419,0.2427917003503099,0.9680426098535286,0.4898949070331447,0.9228518632583924,0.376865671641791,0.949988111278434,0.1673403395311236,0.9938404681244224,0.7212543554006968,0.9261013057827522,0.8350971522718882,0.8507072465415018,0.0518248989301864,0.0707395258760798,0.0037847358253888,0.0160945770070217,4
mc_confidence_only,0.8438828802608416,0.4340456160920499,0.0626051382558266,0.2213162853305791,0.9219683655536028,0.0048442042835372,0.0057836396344107,0.0054964795195473,0.0933421924831088,1.0152891379035618,0.7275666936135813,0.7840314136125655,0.242914979757085,0.9679657794676806,0.4898949070331447,0.923236834000616,0.3780411728009981,0.950007922674695,0.1673403395311236,0.9938404681244224,0.7212543554006968,0.9261013057827522,0.8350231842022395,0.8506704897226903,0.0518256875671951,0.0707490989175883,0.003809671335186,0.0160329120004864,4
nars_gated,0.843883004746126,0.4340629002850685,0.0626049782853686,0.2213153319109906,0.9219683655536028,0.0048435762825996,0.0057827826074458,0.0054960054726818,0.0933818242824595,1.0153327360222872,0.7275666936135813,0.7840314136125655,0.242914979757085,0.9679657794676806,0.4898949070331447,0.923236834000616,0.3780411728009981,0.950007922674695,0.1673403395311236,0.9938404681244224,0.7212543554006968,0.9261013057827522,0.8350272021481392,0.8506712063938183,0.0518256268576838,0.0707489562994373,0.0038091861521951,0.0160306077536333,4
transformer_recalibrated,0.8439336702569051,0.4342141379338343,0.0627204612170119,0.2218658502569645,0.9218980667838312,0.0094407213123005,0.0092317380595134,0.0095953163138538,0.1550209926591732,1.0010126380501028,0.7016976556184317,0.8024330150908531,0.2527664531158998,0.9658048373644704,0.4640258690379951,0.9336310440406528,0.3997214484679666,0.9481585737743372,0.158447857720291,0.9946104096088696,0.7368421052631579,0.925424457339351,0.8350971522718882,0.8507072465415018,0.051665894585615,0.0711252533530728,0.0061565477230727,0.0207600153810789,4
