group,stratum,variant,cases,positives,auc,pr_auc,brier,log_loss,accuracy,ece,ece_15,ece_quantile_10,calibration_intercept,calibration_slope,sensitivity_0.1,specificity_0.1,ppv_0.1,npv_0.1,sensitivity_0.2,specificity_0.2,ppv_0.2,npv_0.2,sensitivity_0.5,specificity_0.5,ppv_0.5,npv_0.5
age,65_or_older,random_forest,10,3,0.8095238095238095,0.7,0.179255,0.5323080632179116,0.7,0.15299999999999997,0.23900000000000002,0.382,-0.7682006092550379,1.5555374494095533,1.0,0.0,0.3,,1.0,0.14285714285714285,0.3333333333333333,1.0,0.6666666666666666,0.7142857142857143,0.5,0.8333333333333334
age,65_or_older,extra_trees,10,3,0.7142857142857142,0.5,0.20352715359640022,0.5825291110514688,0.6,0.18660613648177307,0.18412993055837418,0.40838807256451093,-0.8350813182753867,1.240609666444622,1.0,0.14285714285714285,0.3333333333333333,1.0,1.0,0.42857142857142855,0.42857142857142855,1.0,0.6666666666666666,0.5714285714285714,0.4,0.8
age,65_or_older,hist_gradient_boosting,10,3,0.8095238095238095,0.7,0.16151376554269997,0.4753595198265523,0.6,0.3423434304458354,0.3423434304458354,0.3423434304458354,0.06681630549040658,1.4420834970031795,1.0,0.2857142857142857,0.375,1.0,1.0,0.42857142857142855,0.42857142857142855,1.0,0.3333333333333333,0.7142857142857143,0.3333333333333333,0.7142857142857143
age,65_or_older,calibrated_logistic_regression,10,3,0.7142857142857143,0.4777777777777778,0.1871919329966815,0.5519792096297902,0.7,0.20534127668540628,0.28554196026953,0.4025416099655642,-0.5722532338657852,1.734313006002109,1.0,0.0,0.3,,1.0,0.2857142857142857,0.375,1.0,0.6666666666666666,0.7142857142857143,0.5,0.8333333333333334
age,65_or_older,encoder_mc_confidence,10,3,0.7142857142857143,0.5317460317460317,0.20559632936375488,0.5968276533777633,0.6,0.24104491472244263,0.325809633731842,0.4105519711971283,-0.7253404976923779,0.9091016620127734,1.0,0.0,0.3,,1.0,0.2857142857142857,0.375,1.0,0.6666666666666666,0.5714285714285714,0.4,0.8
age,65_or_older,encoder_nars_confidence,10,3,0.7142857142857143,0.5317460317460317,0.20570713449398587,0.5971923133611653,0.6,0.24108010530471802,0.32588791847229004,0.41056160926818847,-0.7250254245090392,0.9041004973598004,1.0,0.0,0.3,,1.0,0.2857142857142857,0.375,1.0,0.6666666666666666,0.5714285714285714,0.4,0.8
age,65_or_older,deterministic,10,3,0.7142857142857143,0.5317460317460317,0.2036457322731394,0.5986422049698037,0.8,0.30878149569034574,0.30878149569034574,0.3841345101594925,-0.7013903724691433,0.66907848856274,1.0,0.2857142857142857,0.375,1.0,1.0,0.42857142857142855,0.42857142857142855,1.0,0.6666666666666666,0.8571428571428571,0.6666666666666666,0.8571428571428571
age,65_or_older,mean_logit,10,3,0.7142857142857143,0.5317460317460317,0.20622083049937817,0.598461754024948,0.6,0.3245767469070685,0.4084466606891294,0.4084466606891294,-0.728319130059233,0.864466500052864,1.0,0.0,0.3,,1.0,0.2857142857142857,0.375,1.0,0.6666666666666666,0.5714285714285714,0.4,0.8
age,65_or_older,baseline,10,3,0.7142857142857143,0.5317460317460317,0.20603923786018896,0.5978400814618052,0.6,0.24120311277665918,0.3253090284173113,0.40988560768127524,-0.7271252130872209,0.8883803690093288,1.0,0.0,0.3,,1.0,0.2857142857142857,0.375,1.0,0.6666666666666666,0.5714285714285714,0.4,0.8
age,65_or_older,flat_confidence,10,3,0.7142857142857143,0.5317460317460317,0.20603923784087114,0.597840081302615,0.6,0.24120311262893274,0.3253090282301193,0.4098856073869877,-0.7271252131622836,0.8883803669300137,1.0,0.0,0.3,,1.0,0.2857142857142857,0.375,1.0,0.6666666666666666,0.5714285714285714,0.4,0.8
age,65_or_older,mc_confidence_only,10,3,0.7142857142857143,0.5317460317460317,0.20389964417448855,0.5919719447378212,0.8,0.2915595245661705,0.3246121938985126,0.40974976960620635,-0.7092822574098919,0.9482563714574217,1.0,0.0,0.3,,1.0,0.2857142857142857,0.375,1.0,0.6666666666666666,0.8571428571428571,0.6666666666666666,0.8571428571428571
age,65_or_older,nars_gated,10,3,0.7142857142857143,0.5317460317460317,0.2043773836414914,0.5934420621116359,0.8,0.2916095089296237,0.32496765247160536,0.40996881648231,-0.7102966606525086,0.9315409059398679,1.0,0.0,0.3,,1.0,0.2857142857142857,0.375,1.0,0.6666666666666666,0.8571428571428571,0.6666666666666666,0.8571428571428571
age,65_or_older,transformer_recalibrated,10,3,0.7142857142857143,0.5317460317460317,0.20550785510491557,0.5965373080132529,0.7,0.3187133437363673,0.40207699955565823,0.40207699955565823,-0.711044211525518,0.8005644481763189,1.0,0.0,0.3,,1.0,0.2857142857142857,0.375,1.0,0.6666666666666666,0.7142857142857143,0.5,0.8333333333333334
age,under_65,random_forest,59,31,0.6912442396313364,0.6995803482400609,0.22264406779661022,0.635486812721405,0.6101694915254238,0.10237288135593217,0.18288135593220337,0.1371186440677966,0.22603067773047553,1.022611281055334,1.0,0.0,0.5254237288135594,,0.967741935483871,0.14285714285714285,0.5555555555555556,0.8,0.6129032258064516,0.6071428571428571,0.6333333333333333,0.5862068965517241
age,under_65,extra_trees,59,31,0.6923963133640552,0.736109557895662,0.22224190522232878,0.6363951467068723,0.6440677966101694,0.08196764178957552,0.09989576591176637,0.18225091144458247,0.1580712200957478,1.0331007156668415,1.0,0.03571428571428571,0.5344827586206896,1.0,0.967741935483871,0.14285714285714285,0.5555555555555556,0.8,0.8064516129032258,0.4642857142857143,0.625,0.6842105263157895
age,under_65,hist_gradient_boosting,59,31,0.6209677419354839,0.6672329901174996,0.25789231919909217,0.7417760967024207,0.6271186440677966,0.15764725689065134,0.15366162983648715,0.15734002386539592,0.14813280977075327,0.34694668142927515,0.9354838709677419,0.03571428571428571,0.5178571428571429,0.3333333333333333,0.8387096774193549,0.14285714285714285,0.52,0.4444444444444444,0.5806451612903226,0.6785714285714286,0.6666666666666666,0.59375
age,under_65,calibrated_logistic_regression,59,31,0.7292626728110599,0.8005959412744551,0.21575970163966252,0.6227055817143928,0.6440677966101694,0.13204907163329993,0.1955544575907087,0.18092964372584175,0.11997272360860167,1.524920410589981,1.0,0.0,0.5254237288135594,,0.967741935483871,0.07142857142857142,0.5357142857142857,0.6666666666666666,0.6774193548387096,0.6071428571428571,0.65625,0.6296296296296297
age,under_65,encoder_mc_confidence,59,31,0.6866359447004609,0.7006282218897165,0.22226959874174143,0.6355443993681105,0.6101694915254238,0.10556618313668138,0.12824919339963944,0.14424977085347904,0.017579772051056725,1.1764568933010482,1.0,0.0,0.5254237288135594,,1.0,0.03571428571428571,0.5344827586206896,1.0,0.7096774193548387,0.5,0.6111111111111112,0.6086956521739131
age,under_65,encoder_nars_confidence,59,31,0.6877880184331797,0.7086927380187488,0.22223758058384838,0.6354654549300043,0.6101694915254238,0.10552433612993208,0.12828943411172447,0.1442963336989031,0.017435445648384753,1.1764802301509907,1.0,0.0,0.5254237288135594,,1.0,0.03571428571428571,0.5344827586206896,1.0,0.7096774193548387,0.5,0.6111111111111112,0.6086956521739131
age,under_65,deterministic,59,31,0.6900921658986174,0.7094411605494806,0.2235890977456151,0.6396350698912309,0.6101694915254238,0.0981042061821889,0.20109563156709834,0.18207451751676657,-0.013649049661673428,0.8286466021091744,1.0,0.0,0.5254237288135594,,0.967741935483871,0.07142857142857142,0.5357142857142857,0.6666666666666666,0.7096774193548387,0.5,0.6111111111111112,0.6086956521739131
age,under_65,mean_logit,59,31,0.6889400921658986,0.7096277543815351,0.22218771581715493,0.6353852506740724,0.6101694915254238,0.14261428822433422,0.13365347641822262,0.14332889163863216,0.016825097342725536,1.1259058099171184,1.0,0.0,0.5254237288135594,,1.0,0.07142857142857142,0.543859649122807,1.0,0.7096774193548387,0.5,0.6111111111111112,0.6086956521739131
age,under_65,baseline,59,31,0.6877880184331797,0.7086927380187488,0.22215973975141357,0.6352844963583769,0.6101694915254238,0.1223213790074962,0.13295568775336541,0.1442402447743336,0.012623037416899241,1.16002624743833,1.0,0.0,0.5254237288135594,,1.0,0.03571428571428571,0.5344827586206896,1.0,0.7096774193548387,0.5,0.6111111111111112,0.6086956521739131
age,under_65,flat_confidence,59,31,0.6877880184331797,0.7086927380187488,0.22215973986307683,0.6352844966108673,0.6101694915254238,0.12232137908636534,0.13295568776807729,0.14424024496850607,0.012623036338519302,1.1600262450847727,1.0,0.0,0.5254237288135594,,1.0,0.03571428571428571,0.5344827586206896,1.0,0.7096774193548387,0.5,0.6111111111111112,0.6086956521739131
age,under_65,mc_confidence_only,59,31,0.6866359447004609,0.7006282218897165,0.22232123136842416,0.6357258041877318,0.6101694915254238,0.10603179203527907,0.13564713812899218,0.14329660857231058,0.02976247131084904,1.1858647301690912,1.0,0.0,0.5254237288135594,,1.0,0.03571428571428571,0.5344827586206896,1.0,0.7096774193548387,0.5,0.6111111111111112,0.6086956521739131
age,under_65,nars_gated,59,31,0.6866359447004609,0.7006282218897165,0.22225654555793506,0.6355671046490268,0.6101694915254238,0.10591909066061679,0.13573886211850833,0.1434058359327287,0.029409035861461423,1.1853356738656626,1.0,0.0,0.5254237288135594,,1.0,0.03571428571428571,0.5344827586206896,1.0,0.7096774193548387,0.5,0.6111111111111112,0.6086956521739131
age,under_65,transformer_recalibrated,59,31,0.6877880184331797,0.7086927380187488,0.22179812904833182,0.6344965251070616,0.5932203389830508,0.16511569748791927,0.11867621179494955,0.14266191261108604,0.033475385936780094,1.0457065326261934,1.0,0.0,0.5254237288135594,,0.967741935483871,0.07142857142857142,0.5357142857142857,0.6666666666666666,0.6774193548387096,0.5,0.6,0.5833333333333334
demographic.gender,female,random_forest,52,25,0.677037037037037,0.6564369235327887,0.2253120192307692,0.6413110184485049,0.6346153846153846,0.05605769230769231,0.20182692307692307,0.14278846153846156,0.037458958444486726,0.8864885372815328,1.0,0.0,0.4807692307692308,,0.96,0.1111111111111111,0.5,0.75,0.64,0.6296296296296297,0.6153846153846154,0.6538461538461539
demographic.gender,female,extra_trees,52,25,0.6681481481481482,0.638300204948943,0.23015758028164918,0.653764616955356,0.6153846153846154,0.1035176532896663,0.10901327998757829,0.12925236975617946,-0.021012638734583717,0.8140711013204461,1.0,0.037037037037037035,0.49019607843137253,1.0,0.96,0.14814814814814814,0.5106382978723404,0.8,0.76,0.48148148148148145,0.5757575757575758,0.6842105263157895
demographic.gender,female,hist_gradient_boosting,52,25,0.5955555555555556,0.6166030385193348,0.2701100283050592,0.7698127167066472,0.5769230769230769,0.15856952611840303,0.22822481804193565,0.16719547732656995,-0.011329988397169768,0.2561056063650691,0.92,0.037037037037037035,0.46938775510204084,0.3333333333333333,0.8,0.14814814814814814,0.46511627906976744,0.4444444444444444,0.48,0.6666666666666666,0.5714285714285714,0.5806451612903226
demographic.gender,female,calibrated_logistic_regression,52,25,0.7007407407407407,0.7364609566237793,0.22140464073555247,0.6347202837414082,0.6153846153846154,0.10874765319790905,0.15989998200777153,0.17476518752164988,0.003933271570775585,1.2691101214631362,1.0,0.0,0.4807692307692308,,0.96,0.07407407407407407,0.4897959183673469,0.6666666666666666,0.6,0.6296296296296297,0.6,0.6296296296296297
demographic.gender,female,encoder_mc_confidence,52,25,0.6133333333333334,0.5567777298446098,0.2410433436634613,0.6766982377553608,0.5576923076923077,0.10563234555033538,0.11020317415778454,0.14898556041029784,-0.10181887541277339,0.6721345322900169,1.0,0.0,0.4807692307692308,,1.0,0.037037037037037035,0.49019607843137253,1.0,0.64,0.48148148148148145,0.5333333333333333,0.5909090909090909
demographic.gender,female,encoder_nars_confidence,52,25,0.6133333333333334,0.5567777298446098,0.24105816966311203,0.6767577353676019,0.5576923076923077,0.10566884479843654,0.11022277548909187,0.14898794173048094,-0.10174770625696856,0.6712017632386016,1.0,0.0,0.4807692307692308,,1.0,0.037037037037037035,0.49019607843137253,1.0,0.64,0.48148148148148145,0.5333333333333333,0.5909090909090909
demographic.gender,female,deterministic,52,25,0.6207407407407407,0.5670272642319719,0.24821048299970722,0.6980146533559052,0.5769230769230769,0.1467576579978833,0.20421900113041586,0.1587287883919019,-0.11617010408670994,0.46790761475218834,1.0,0.0,0.4807692307692308,,0.96,0.1111111111111111,0.5,0.75,0.64,0.5185185185185185,0.5517241379310345,0.6086956521739131
demographic.gender,female,mean_logit,52,25,0.6148148148148148,0.557935624581452,0.24181110363357497,0.6787351985516147,0.5576923076923077,0.1293838715515081,0.1356959224723922,0.1504771260027073,-0.10216768445495811,0.6388204335962142,1.0,0.0,0.4807692307692308,,1.0,0.07407407407407407,0.5,1.0,0.64,0.48148148148148145,0.5333333333333333,0.5909090909090909
demographic.gender,female,baseline,52,25,0.6133333333333334,0.5567777298446098,0.24130262640831995,0.6773804831815531,0.5576923076923077,0.13247947319288633,0.12753013363697907,0.14979178956527203,-0.10440287625577108,0.6614025123936447,1.0,0.0,0.4807692307692308,,1.0,0.037037037037037035,0.49019607843137253,1.0,0.64,0.48148148148148145,0.5333333333333333,0.5909090909090909
demographic.gender,female,flat_confidence,52,25,0.6133333333333334,0.5567777298446098,0.24130262657847007,0.6773804835932705,0.5576923076923077,0.13247947333372467,0.12753013355987533,0.14979178962248285,-0.10440287684300524,0.6614025088425817,1.0,0.0,0.4807692307692308,,1.0,0.037037037037037035,0.49019607843137253,1.0,0.64,0.48148148148148145,0.5333333333333333,0.5909090909090909
demographic.gender,female,mc_confidence_only,52,25,0.6118518518518519,0.555608139201335,0.2405888438002194,0.6754721109551072,0.5769230769230769,0.08558670513037135,0.13063719406095536,0.14772134037113174,-0.09500384434064833,0.6858617091550119,1.0,0.0,0.4807692307692308,,1.0,0.037037037037037035,0.49019607843137253,1.0,0.64,0.5185185185185185,0.5517241379310345,0.6086956521739131
demographic.gender,female,nars_gated,52,25,0.6118518518518519,0.555608139201335,0.24067460435409332,0.675749665460891,0.5769230769230769,0.08572883729919274,0.13070468298662977,0.14778824630099927,-0.09499909986761665,0.682001623799422,1.0,0.0,0.4807692307692308,,1.0,0.037037037037037035,0.49019607843137253,1.0,0.64,0.5185185185185185,0.5517241379310345,0.6086956521739131
demographic.gender,female,transformer_recalibrated,52,25,0.6133333333333334,0.5567777298446098,0.24247700775396158,0.6807837261357019,0.5769230769230769,0.1411704608674488,0.12846742038039666,0.1517638314108407,-0.09209334227666381,0.5957015570746685,1.0,0.0,0.4807692307692308,,0.96,0.07407407407407407,0.4897959183673469,0.6666666666666666,0.64,0.5185185185185185,0.5517241379310345,0.6086956521739131
demographic.gender,male,random_forest,17,9,0.7777777777777778,0.7696969696969698,0.1889602941176471,0.5569782131423379,0.5882352941176471,0.18441176470588236,0.22794117647058823,0.26029411764705884,0.31996301774054076,2.016502016399699,1.0,0.0,0.5294117647058824,,1.0,0.25,0.6,1.0,0.5555555555555556,0.625,0.625,0.5555555555555556
demographic.gender,male,extra_trees,17,9,0.7916666666666667,0.8243978243978245,0.1870205746726849,0.5515790990906851,0.7058823529411765,0.13067609567186558,0.19319333926947588,0.20738281897021998,0.10353990836542527,2.0335859575805473,1.0,0.125,0.5625,1.0,1.0,0.375,0.6428571428571429,1.0,0.8888888888888888,0.5,0.6666666666666666,0.8
demographic.gender,male,hist_gradient_boosting,17,9,0.8333333333333333,0.8082722832722833,0.1638272362535505,0.49930139029192294,0.7647058823529411,0.2390776361482698,0.29014069814175747,0.2824044086889289,0.31876179447746283,1.2211391940046648,1.0,0.25,0.6,1.0,1.0,0.375,0.6428571428571429,1.0,0.7777777777777778,0.75,0.7777777777777778,0.75
demographic.gender,male,calibrated_logistic_regression,17,9,0.7916666666666666,0.8175805675805676,0.18168825932106905,0.5443509801702258,0.7647058823529411,0.14282284010572013,0.20232089703410935,0.25999082314931793,-0.18841976184707943,3.481080283865538,1.0,0.0,0.5294117647058824,,1.0,0.25,0.6,1.0,0.8888888888888888,0.625,0.7272727272727273,0.8333333333333334
demographic.gender,male,encoder_mc_confidence,17,9,0.9166666666666667,0.9419191919191918,0.15503622052354749,0.4868875137186695,0.7647058823529411,0.2154411182684057,0.2154411182684057,0.37255057166604433,-0.23998957928616524,4.478796140671926,1.0,0.0,0.5294117647058824,,1.0,0.25,0.6,1.0,0.8888888888888888,0.625,0.7272727272727273,0.8333333333333334
demographic.gender,male,encoder_nars_confidence,17,9,0.9166666666666667,0.9419191919191918,0.15494492805324042,0.48664604325685906,0.7647058823529411,0.21529104779748356,0.21529104779748356,0.37237436280531044,-0.23829027759754157,4.475105951141867,1.0,0.0,0.5294117647058824,,1.0,0.25,0.6,1.0,0.8888888888888888,0.625,0.7272727272727273,0.8333333333333334
demographic.gender,male,deterministic,17,9,0.9305555555555556,0.95,0.13654523374928887,0.43694877639844565,0.8235294117647058,0.21382085277753718,0.23096871638999267,0.2781618684530258,-0.3967642226801192,3.525405353642163,1.0,0.25,0.6,1.0,1.0,0.25,0.6,1.0,0.8888888888888888,0.75,0.8,0.8571428571428571
demographic.gender,male,mean_logit,17,9,0.9166666666666667,0.9419191919191918,0.15277094995647192,0.48106570619622296,0.7647058823529411,0.21197519934613027,0.2119751993461303,0.36825831790919883,-0.248617360977602,4.319690471141619,1.0,0.0,0.5294117647058824,,1.0,0.25,0.6,1.0,0.8888888888888888,0.625,0.7272727272727273,0.8333333333333334
demographic.gender,male,baseline,17,9,0.9166666666666667,0.9419191919191918,0.15412237945309712,0.48449417496009,0.7647058823529411,0.21411970564618826,0.21411970564618826,0.3707549599349426,-0.2541556553846454,4.404773908126994,1.0,0.0,0.5294117647058824,,1.0,0.25,0.6,1.0,0.8888888888888888,0.625,0.7272727272727273,0.8333333333333334
demographic.gender,male,flat_confidence,17,9,0.9166666666666667,0.9419191919191918,0.15412237930881179,0.48449417448336807,0.7647058823529411,0.2141197052798418,0.2141197052798418,0.3707549595788145,-0.2541556594308246,4.404773937235835,1.0,0.0,0.5294117647058824,,1.0,0.25,0.6,1.0,0.8888888888888888,0.625,0.7272727272727273,0.8333333333333334
demographic.gender,male,mc_confidence_only,17,9,0.9305555555555556,0.95,0.15560760087473544,0.48841130145816614,0.8235294117647058,0.20096550204194538,0.21613137383167338,0.31502183504640463,-0.20366539213220605,4.592742635231123,1.0,0.0,0.5294117647058824,,1.0,0.25,0.6,1.0,0.8888888888888888,0.75,0.8,0.8571428571428571
demographic.gender,male,nars_gated,17,9,0.9305555555555556,0.95,0.15540179987766065,0.48787630537897625,0.8235294117647058,0.20054791149774567,0.2158095529790474,0.31468936994517316,-0.2007901761232213,4.579476664268323,1.0,0.0,0.5294117647058824,,1.0,0.25,0.6,1.0,0.8888888888888888,0.75,0.8,0.8571428571428571
demographic.gender,male,transformer_recalibrated,17,9,0.9166666666666667,0.9419191919191918,0.14896257421733702,0.47058319425839157,0.7058823529411765,0.2642732337046501,0.2051984163351538,0.36028338990358993,-0.17725342784651693,3.9758262522276704,1.0,0.0,0.5294117647058824,,1.0,0.25,0.6,1.0,0.7777777777777778,0.625,0.7,0.7142857142857143
demographic.race,asian,random_forest,7,4,0.5,0.7095238095238094,0.29577142857142846,0.8038538326508222,0.42857142857142855,0.2871428571428571,0.2871428571428571,0.5228571428571428,0.23073897815615574,-0.4636725482032335,1.0,0.0,0.5714285714285714,,0.75,0.0,0.5,0.0,0.5,0.3333333333333333,0.5,0.3333333333333333
demographic.race,asian,extra_trees,7,4,0.5833333333333334,0.7470238095238095,0.2893369309287605,0.8092458816744401,0.42857142857142855,0.2797950938584317,0.5100621728271081,0.5100621728271082,0.31196932733562616,-0.300635021200781,1.0,0.0,0.5714285714285714,,0.75,0.0,0.5,0.0,0.75,0.0,0.5,0.0
demographic.race,asian,hist_gradient_boosting,7,4,0.33333333333333337,0.6428571428571428,0.4580736752862065,1.2548498291125443,0.2857142857142857,0.6044613452627151,0.604461345262715,0.6044613452627151,0.3228938022426334,-0.35680307289669216,0.75,0.0,0.5,0.0,0.5,0.0,0.4,0.0,0.25,0.3333333333333333,0.3333333333333333,0.25
demographic.race,asian,calibrated_logistic_regression,7,4,0.5833333333333333,0.7928571428571428,0.2883676921921459,0.7908369602188516,0.42857142857142855,0.3868998566878964,0.3868998566878964,0.5111380813942272,0.34186833011953965,-0.34238090781716546,1.0,0.0,0.5714285714285714,,0.75,0.0,0.5,0.0,0.75,0.0,0.5,0.0
demographic.race,asian,encoder_mc_confidence,7,4,0.6666666666666666,0.8303571428571428,0.2740638921671769,0.7494865758471206,0.42857142857142855,0.3733284239258085,0.3733284239258085,0.49882644627775463,0.3057476701110344,-0.09556594771342897,1.0,0.0,0.5714285714285714,,1.0,0.0,0.5714285714285714,,0.75,0.0,0.5,0.0
demographic.race,asian,encoder_nars_confidence,7,4,0.6666666666666666,0.8303571428571428,0.2740334415916885,0.7493990904442469,0.42857142857142855,0.3732605682952063,0.3732605682952063,0.4987585906471525,0.30546739248211885,-0.09391245589258794,1.0,0.0,0.5714285714285714,,1.0,0.0,0.5714285714285714,,0.75,0.0,0.5,0.0
demographic.race,asian,deterministic,7,4,0.5833333333333333,0.7928571428571428,0.29267162405233754,0.799386121217937,0.42857142857142855,0.28449027027402607,0.28449027027402607,0.5013269100870404,0.3191066252229824,-0.1034679133148753,1.0,0.0,0.5714285714285714,,0.75,0.0,0.5,0.0,0.75,0.0,0.5,0.0
demographic.race,asian,mean_logit,7,4,0.6666666666666666,0.8303571428571428,0.27539990103378814,0.753241481072526,0.42857142857142855,0.37426537952907096,0.37426537952907096,0.498797735390147,0.30626762880049774,-0.0945552062893103,1.0,0.0,0.5714285714285714,,1.0,0.0,0.5714285714285714,,0.75,0.0,0.5,0.0
demographic.race,asian,baseline,7,4,0.6666666666666666,0.8303571428571428,0.2744319505437906,0.7504467823238762,0.42857142857142855,0.37373418263414376,0.37373418263414376,0.4986673202337305,0.306000699552501,-0.09398044155814826,1.0,0.0,0.5714285714285714,,1.0,0.0,0.5714285714285714,,0.75,0.0,0.5,0.0
demographic.race,asian,flat_confidence,7,4,0.6666666666666666,0.8303571428571428,0.2744319504683321,0.7504467821613748,0.42857142857142855,0.37373418288300936,0.37373418288300925,0.49866732027438776,0.30600069982923056,-0.09398044324517647,1.0,0.0,0.5714285714285714,,1.0,0.0,0.5714285714285714,,0.75,0.0,0.5,0.0
demographic.race,asian,mc_confidence_only,7,4,0.6666666666666666,0.8303571428571428,0.27424459729187955,0.7502065834591364,0.42857142857142855,0.3733741169531832,0.3733741169531832,0.499647395126159,0.3076900776174618,-0.11216289220591197,1.0,0.0,0.5714285714285714,,1.0,0.0,0.5714285714285714,,0.75,0.0,0.5,0.0
demographic.race,asian,nars_gated,7,4,0.6666666666666666,0.8303571428571428,0.2741627549571313,0.7499752898535876,0.42857142857142855,0.37319594534822376,0.37319594534822376,0.49946922367404667,0.3069949059795145,-0.10772904052290753,1.0,0.0,0.5714285714285714,,1.0,0.0,0.5714285714285714,,0.75,0.0,0.5,0.0
demographic.race,asian,transformer_recalibrated,7,4,0.6666666666666666,0.8303571428571428,0.2786224237151094,0.7636322997242387,0.42857142857142855,0.3743494787254564,0.3743494787254564,0.4987380798456136,0.30436426808274947,-0.08476505654401588,1.0,0.0,0.5714285714285714,,0.75,0.0,0.5,0.0,0.75,0.0,0.5,0.0
demographic.race,black or african american,random_forest,2,1,0.0,0.5,0.47825,1.2028629259567796,0.0,0.685,0.685,0.685,-4.807564779763397,-11.177579880374244,1.0,0.0,0.5,,1.0,0.0,0.5,,0.0,0.0,0.0,0.0
demographic.race,black or african american,extra_trees,2,1,0.0,0.5,0.5026485368655013,1.2590769016518024,0.0,0.70403042062471,0.70403042062471,0.70403042062471,-3.951809007831817,-10.157686701576202,1.0,0.0,0.5,,1.0,0.0,0.5,,0.0,0.0,0.0,0.0
demographic.race,black or african american,hist_gradient_boosting,2,1,0.0,0.5,0.6250970903633954,1.6291367576569622,0.0,0.7859648777457509,0.7859648777457509,0.7859648777457509,3.421540028318104,-7.257804040029242,1.0,0.0,0.5,,1.0,0.0,0.5,,0.0,0.0,0.0,0.0
demographic.race,black or african american,calibrated_logistic_regression,2,1,0.0,0.5,0.42233216804057006,1.0736123699382851,0.0,0.6398929030578582,0.6398929030578582,0.6398929030578582,-7.120272439081614,-14.616970436744959,1.0,0.0,0.5,,1.0,0.0,0.5,,0.0,0.0,0.0,0.0
demographic.race,black or african american,encoder_mc_confidence,2,1,0.0,0.5,0.4672113655583221,1.1509387837749219,0.0,0.683415025472641,0.683415025472641,0.683415025472641,0.6962184353055391,-11.880265432715326,1.0,0.0,0.5,,1.0,0.0,0.5,,0.0,0.0,0.0,0.0
demographic.race,black or african american,encoder_nars_confidence,2,1,0.0,0.5,0.4671537368473264,1.150802643501034,0.0,0.6833736151456833,0.6833736151456833,0.6833736151456833,0.6940759886825468,-11.883268784323976,1.0,0.0,0.5,,1.0,0.0,0.5,,0.0,0.0,0.0,0.0
demographic.race,black or african american,deterministic,2,1,0.0,0.5,0.5747835421063758,1.4212435110525465,0.0,0.7579380571842194,0.7579380571842194,0.7579380571842194,0.7839351045148847,-8.680000510583683,1.0,0.0,0.5,,1.0,0.0,0.5,,0.0,0.0,0.0,0.0
demographic.race,black or african american,mean_logit,2,1,0.0,0.5,0.48027718291617083,1.1814194877045474,0.0,0.6929115465233373,0.6929115465233373,0.6929115465233373,0.6592393872000318,-11.231772245555199,1.0,0.0,0.5,,1.0,0.0,0.5,,0.0,0.0,0.0,0.0
demographic.race,black or african american,baseline,2,1,0.0,0.5,0.4722251846127079,1.1626815621051692,0.0,0.6870469561021981,0.6870469561021981,0.6870469561021981,0.7598961387088754,-11.623457528186554,1.0,0.0,0.5,,1.0,0.0,0.5,,0.0,0.0,0.0,0.0
demographic.race,black or african american,flat_confidence,2,1,0.0,0.5,0.47222518583196343,1.1626815649555597,0.0,0.6870469569870241,0.6870469569870241,0.6870469569870241,0.7598961424515086,-11.62345746698854,1.0,0.0,0.5,,1.0,0.0,0.5,,0.0,0.0,0.0,0.0
demographic.race,black or african american,mc_confidence_only,2,1,0.0,0.5,0.4650237616037076,1.145691094371497,0.0,0.6818658169935476,0.6818658169935476,0.6818658169935476,0.5150165105429135,-11.99423978065604,1.0,0.0,0.5,,1.0,0.0,0.5,,0.0,0.0,0.0,0.0
demographic.race,black or african american,nars_gated,2,1,0.0,0.5,0.4649844374842308,1.145599019303551,0.0,0.681837359819008,0.681837359819008,0.681837359819008,0.5134986118135347,-11.996331401191814,1.0,0.0,0.5,,1.0,0.0,0.5,,0.0,0.0,0.0,0.0
demographic.race,black or african american,transformer_recalibrated,2,1,0.0,0.5,0.4976504027223515,1.22266928195923,0.0,0.7053620951563007,0.7053620951563007,0.7053620951563007,0.540005870014912,-10.481684268772982,1.0,0.0,0.5,,1.0,0.0,0.5,,0.0,0.0,0.0,0.0
demographic.race,unavailable,random_forest,13,6,0.9523809523809523,0.9583333333333333,0.14110576923076923,0.45380302238712295,0.8461538461538461,0.27038461538461533,0.2703846153846154,0.3373076923076923,2.049672206059916,3.473134374527675,1.0,0.0,0.46153846153846156,,1.0,0.42857142857142855,0.6,1.0,0.6666666666666666,1.0,1.0,0.7777777777777778
demographic.race,unavailable,extra_trees,13,6,0.9523809523809523,0.9583333333333333,0.13395263411684974,0.43544938295345087,0.9230769230769231,0.2490676780985398,0.29345901507954175,0.3267595747975539,3.039204928984465,4.383675046067656,1.0,0.14285714285714285,0.5,1.0,1.0,0.5714285714285714,0.6666666666666666,1.0,0.8333333333333334,1.0,1.0,0.875
demographic.race,unavailable,hist_gradient_boosting,13,6,0.8333333333333334,0.9102564102564102,0.12360813730166174,0.45812148173235295,0.9230769230769231,0.25892644943790166,0.28553791271110796,0.27377152989117476,0.7810742828305123,1.4022341507230012,0.8333333333333334,0.2857142857142857,0.5,0.6666666666666666,0.8333333333333334,0.42857142857142855,0.5555555555555556,0.75,0.8333333333333334,1.0,1.0,0.875
demographic.race,unavailable,calibrated_logistic_regression,13,6,0.9523809523809523,0.9583333333333333,0.14882618628388053,0.476580435147249,0.8461538461538461,0.2381117669700853,0.28439918898387506,0.3669162267964049,2.2434962612912206,7.157806749687921,1.0,0.0,0.46153846153846156,,1.0,0.2857142857142857,0.5454545454545454,1.0,0.6666666666666666,1.0,1.0,0.7777777777777778
demographic.race,unavailable,encoder_mc_confidence,13,6,0.9523809523809523,0.9583333333333333,0.13857527678809592,0.4535890952389035,0.8461538461538461,0.1803825944662094,0.2972823094863158,0.34947457107213825,1.5235171369618712,4.476876155014185,1.0,0.0,0.46153846153846156,,1.0,0.14285714285714285,0.5,1.0,0.6666666666666666,1.0,1.0,0.7777777777777778
demographic.race,unavailable,encoder_nars_confidence,13,6,0.9523809523809523,0.9583333333333333,0.13852918309644485,0.45345887361008647,0.8461538461538461,0.18028240249707148,0.2971821312720959,0.349374383687973,1.523177926252689,4.47579124369098,1.0,0.0,0.46153846153846156,,1.0,0.14285714285714285,0.5,1.0,0.6666666666666666,1.0,1.0,0.7777777777777778
demographic.race,unavailable,deterministic,13,6,0.9285714285714286,0.9444444444444444,0.12155137605427485,0.4054137139843685,0.8461538461538461,0.12853694191345802,0.22143248182076675,0.3067216070798727,1.3042345252556917,2.9270271486382393,1.0,0.14285714285714285,0.5,1.0,1.0,0.42857142857142855,0.6,1.0,0.6666666666666666,1.0,1.0,0.7777777777777778
demographic.race,unavailable,mean_logit,13,6,0.9523809523809523,0.9583333333333333,0.13656783338442938,0.4482027687656257,0.8461538461538461,0.1739366866241343,0.24094613167831486,0.3446689272459305,1.467754385293417,4.148895309095836,1.0,0.0,0.46153846153846156,,1.0,0.2857142857142857,0.5454545454545454,1.0,0.6666666666666666,1.0,1.0,0.7777777777777778
demographic.race,unavailable,baseline,13,6,0.9523809523809523,0.9583333333333333,0.1378267728772042,0.45158640702937947,0.8461538461538461,0.17794147691595993,0.25089089531013353,0.34772401612847276,1.4796939304295653,4.337244762318642,1.0,0.0,0.46153846153846156,,1.0,0.14285714285714285,0.5,1.0,0.6666666666666666,1.0,1.0,0.7777777777777778
demographic.race,unavailable,flat_confidence,13,6,0.9523809523809523,0.9583333333333333,0.13782677308058602,0.4515864074083725,0.8461538461538461,0.17794147724089757,0.2508908949878262,0.3477240163839696,1.4796939277793448,4.337244780775452,1.0,0.0,0.46153846153846156,,1.0,0.14285714285714285,0.5,1.0,0.6666666666666666,1.0,1.0,0.7777777777777778
demographic.race,unavailable,mc_confidence_only,13,6,0.9523809523809523,0.9583333333333333,0.13950899357469407,0.45571302337049696,0.8461538461538461,0.18069550803799142,0.2538288358840999,0.35047144374887035,1.5361945212159993,4.380532621600966,1.0,0.0,0.46153846153846156,,1.0,0.14285714285714285,0.5,1.0,0.6666666666666666,1.0,1.0,0.7777777777777778
demographic.race,unavailable,nars_gated,13,6,0.9523809523809523,0.9583333333333333,0.13939497559173242,0.455397553138458,0.8461538461538461,0.18045483778086896,0.2535881656071951,0.35023077347196563,1.5357339988267793,4.379032928702189,1.0,0.0,0.46153846153846156,,1.0,0.14285714285714285,0.5,1.0,0.6666666666666666,1.0,1.0,0.7777777777777778
demographic.race,unavailable,transformer_recalibrated,13,6,0.9523809523809523,0.9583333333333333,0.1321455680312999,0.4361146255435318,0.8461538461538461,0.2202722781869698,0.22842472265441227,0.3343574130549293,1.556718881496754,3.906601401249661,1.0,0.0,0.46153846153846156,,1.0,0.2857142857142857,0.5454545454545454,1.0,0.6666666666666666,1.0,1.0,0.7777777777777778
demographic.race,white,random_forest,47,23,0.7028985507246377,0.6607690172555138,0.21419734042553196,0.6145672470476615,0.6170212765957447,0.10797872340425534,0.15861702127659574,0.18244680851063827,-0.07079814129805193,1.3402472401653585,1.0,0.0,0.48936170212765956,,1.0,0.08333333333333333,0.5111111111111111,1.0,0.6521739130434783,0.5833333333333334,0.6,0.6363636363636364
demographic.race,white,extra_trees,47,23,0.6648550724637681,0.6299954705544447,0.2207554066027666,0.6282742087829918,0.6170212765957447,0.12525748263217018,0.10412302627443575,0.20069539710983528,-0.21114197139225516,1.6167143925456189,1.0,0.041666666666666664,0.5,1.0,1.0,0.125,0.5227272727272727,1.0,0.8260869565217391,0.4166666666666667,0.5757575757575758,0.7142857142857143
demographic.race,white,hist_gradient_boosting,47,23,0.6902173913043478,0.7138833730455957,0.2290886977770552,0.6493741132358729,0.6170212765957447,0.1188704723770297,0.14745231257237565,0.13174509860131348,0.07815881862451664,0.6575891713724253,1.0,0.041666666666666664,0.5,1.0,0.9130434782608695,0.16666666666666666,0.5121951219512195,0.6666666666666666,0.5652173913043478,0.6666666666666666,0.6190476190476191,0.6153846153846154
demographic.race,white,calibrated_logistic_regression,47,23,0.7463768115942029,0.7537502918376934,0.20859070475724026,0.6038466446622193,0.6595744680851063,0.09750020321851574,0.20926101443348435,0.205710355501772,-0.14664476338675222,2.4090899389958786,1.0,0.0,0.48936170212765956,,1.0,0.08333333333333333,0.5111111111111111,1.0,0.6956521739130435,0.625,0.64,0.6818181818181818
demographic.race,white,encoder_mc_confidence,47,23,0.6829710144927537,0.6131006166444306,0.22373449031634388,0.6387330693598025,0.5957446808510638,0.15080911777120956,0.11813169051992133,0.18526802766830364,-0.18515039998883437,1.254424496117513,1.0,0.0,0.48936170212765956,,1.0,0.08333333333333333,0.5111111111111111,1.0,0.7391304347826086,0.4583333333333333,0.5666666666666667,0.6470588235294118
demographic.race,white,encoder_nars_confidence,47,23,0.6847826086956522,0.6203469934560248,0.22373760966588632,0.6387663978178508,0.5957446808510638,0.1508777141571045,0.1181657758164913,0.18530560934797247,-0.18475541552475108,1.2517768577839734,1.0,0.0,0.48936170212765956,,1.0,0.08333333333333333,0.5111111111111111,1.0,0.7391304347826086,0.4583333333333333,0.5666666666666667,0.6470588235294118
demographic.race,white,deterministic,47,23,0.6938405797101449,0.6225551876076854,0.22233569677527656,0.6386451706564512,0.6382978723404256,0.13388583381125269,0.19383076023548207,0.14191407726166097,-0.22568746811865337,0.9423360938613776,1.0,0.041666666666666664,0.5,1.0,1.0,0.08333333333333333,0.5111111111111111,1.0,0.7391304347826086,0.5416666666666666,0.6071428571428571,0.6842105263157895
demographic.race,white,mean_logit,47,23,0.6847826086956522,0.6203469934560248,0.22356485172637194,0.63851451049255,0.5957446808510638,0.14231493835307488,0.11678308358736914,0.18546427057573722,-0.18792901570763204,1.2034211083442066,1.0,0.0,0.48936170212765956,,1.0,0.08333333333333333,0.5111111111111111,1.0,0.7391304347826086,0.4583333333333333,0.5666666666666667,0.6470588235294118
demographic.race,white,baseline,47,23,0.6847826086956522,0.6203469934560248,0.22362967986169535,0.6385334512319765,0.5957446808510638,0.15115561483122875,0.11775769841924405,0.18537163641057045,-0.19063585465438743,1.238395441295562,1.0,0.0,0.48936170212765956,,1.0,0.08333333333333333,0.5111111111111111,1.0,0.7391304347826086,0.4583333333333333,0.5666666666666667,0.6470588235294118
demographic.race,white,flat_confidence,47,23,0.6847826086956522,0.6203469934560248,0.22362967990085908,0.6385334513131434,0.5957446808510638,0.15115561479340314,0.11775769842740595,0.1853716364145458,-0.19063585546822598,1.238395438797936,1.0,0.0,0.48936170212765956,,1.0,0.08333333333333333,0.5111111111111111,1.0,0.7391304347826086,0.4583333333333333,0.5666666666666667,0.6470588235294118
demographic.race,white,mc_confidence_only,47,23,0.6847826086956522,0.6140108758005668,0.22324622280341097,0.6374562620783188,0.6382978723404256,0.10740211074320037,0.11818097567349722,0.14148941069890097,-0.17590759322531985,1.2917553578557557,1.0,0.0,0.48936170212765956,,1.0,0.08333333333333333,0.5111111111111111,1.0,0.7391304347826086,0.5416666666666666,0.6071428571428571,0.6842105263157895
demographic.race,white,nars_gated,47,23,0.6847826086956522,0.6140108758005668,0.22331206770153575,0.6376954582346123,0.6382978723404256,0.10763531762622024,0.11827979635139726,0.14163867192605104,-0.17495254512172623,1.2822268093890448,1.0,0.0,0.48936170212765956,,1.0,0.08333333333333333,0.5111111111111111,1.0,0.7391304347826086,0.5416666666666666,0.6071428571428571,0.6842105263157895
demographic.race,white,transformer_recalibrated,47,23,0.6847826086956522,0.6203469934560248,0.22292804274560352,0.6370300695190452,0.5957446808510638,0.14059766815458416,0.11061814455583302,0.18527731132849007,-0.168397188039457,1.1160695921737995,1.0,0.0,0.48936170212765956,,1.0,0.08333333333333333,0.5111111111111111,1.0,0.6956521739130435,0.5,0.5714285714285714,0.631578947368421
