group,stratum,variant,threshold,net_benefit,treat_all,treat_none
age,65_or_older,random_forest,0.05,0.0729247720128233,0.06175106601512651,0
age,65_or_older,random_forest,0.1,0.05064393192719627,0.009626125238189107,0
age,65_or_older,random_forest,0.2,0.03126848018923714,-0.11417060910703725,0
age,65_or_older,random_forest,0.3,0.02086677367576244,-0.27333783897947117,0
age,65_or_older,random_forest,0.5,0.008870490833826138,-0.7826729745712595,0
age,65_or_older,extra_trees,0.05,0.07297923993899591,0.06175106601512651,0
age,65_or_older,extra_trees,0.1,0.05154740784545633,0.009626125238189107,0
age,65_or_older,extra_trees,0.2,0.03226641040804258,-0.11417060910703725,0
age,65_or_older,extra_trees,0.3,0.02219734730083636,-0.27333783897947117,0
age,65_or_older,extra_trees,0.5,0.01034890597279716,-0.7826729745712595,0
age,65_or_older,hist_gradient_boosting,0.05,0.07421643997634536,0.06175106601512651,0
age,65_or_older,hist_gradient_boosting,0.1,0.050496090413299166,0.009626125238189107,0
age,65_or_older,hist_gradient_boosting,0.2,0.034557953873447664,-0.11417060910703725,0
age,65_or_older,hist_gradient_boosting,0.3,0.02247191011235955,-0.27333783897947117,0
age,65_or_older,hist_gradient_boosting,0.5,0.011383796570076878,-0.7826729745712595,0
age,65_or_older,calibrated_logistic_regression,0.05,0.07034921721808957,0.06175106601512651,0
age,65_or_older,calibrated_logistic_regression,0.1,0.048130626190945526,0.009626125238189107,0
age,65_or_older,calibrated_logistic_regression,0.2,0.023174157303370788,-0.11417060910703725,0
age,65_or_older,calibrated_logistic_regression,0.3,0.01556559939173777,-0.27333783897947117,0
age,65_or_older,calibrated_logistic_regression,0.5,0.007244234180958013,-0.7826729745712595,0
age,65_or_older,apache_raw,0.05,0.07098727006754023,0.06175106601512651,0
age,65_or_older,apache_raw,0.1,0.04693146724489126,0.009626125238189107,0
age,65_or_older,apache_raw,0.2,0.027350680070963928,-0.11417060910703725,0
age,65_or_older,apache_raw,0.3,0.015312156796485593,-0.27333783897947117,0
age,65_or_older,apache_raw,0.5,-0.0010348905972797163,-0.7826729745712595,0
age,65_or_older,apache_only_logistic,0.05,0.07137632668305892,0.06175106601512651,0
age,65_or_older,apache_only_logistic,0.1,0.04913266311847033,0.009626125238189107,0
age,65_or_older,apache_only_logistic,0.2,0.032562093435836784,-0.11417060910703725,0
age,65_or_older,apache_only_logistic,0.3,0.018416828588324743,-0.27333783897947117,0
age,65_or_older,apache_only_logistic,0.5,0.007096392667060911,-0.7826729745712595,0
age,65_or_older,apache_recalibrated,0.05,0.07233340595723489,0.06175106601512651,0
age,65_or_older,apache_recalibrated,0.1,0.05149812734082398,0.009626125238189107,0
age,65_or_older,apache_recalibrated,0.2,0.031712004730928445,-0.11417060910703725,0
age,65_or_older,apache_recalibrated,0.3,0.019768522429669682,-0.27333783897947117,0
age,65_or_older,apache_recalibrated,0.5,0.008426966292134831,-0.7826729745712595,0
age,65_or_older,deterministic,0.05,0.07456659093031218,0.06175106601512651,0
age,65_or_older,deterministic,0.1,0.05192522504763782,0.009626125238189107,0
age,65_or_older,deterministic,0.2,0.033781785925487876,-0.11417060910703725,0
age,65_or_older,deterministic,0.3,0.022070626003210272,-0.27333783897947117,0
age,65_or_older,deterministic,0.5,0.011088113542282674,-0.7826729745712595,0
age,65_or_older,mean_logit,0.05,0.07312708145289303,0.06175106601512651,0
age,65_or_older,mean_logit,0.1,0.05296011564491754,0.009626125238189107,0
age,65_or_older,mean_logit,0.2,0.03304257835600236,-0.11417060910703725,0
age,65_or_older,mean_logit,0.3,0.022218467517107373,-0.27333783897947117,0
age,65_or_older,mean_logit,0.5,0.011383796570076878,-0.7826729745712595,0
age,65_or_older,baseline,0.05,0.07276136823430546,0.06175106601512651,0
age,65_or_older,baseline,0.1,0.05309153032393718,0.009626125238189107,0
age,65_or_older,baseline,0.2,0.03267297457125961,-0.11417060910703725,0
age,65_or_older,baseline,0.3,0.021965024921855196,-0.27333783897947117,0
age,65_or_older,baseline,0.5,0.011383796570076878,-0.7826729745712595,0
age,65_or_older,flat_confidence,0.05,0.07276136823430546,0.06175106601512651,0
age,65_or_older,flat_confidence,0.1,0.05309153032393718,0.009626125238189107,0
age,65_or_older,flat_confidence,0.2,0.03267297457125961,-0.11417060910703725,0
age,65_or_older,flat_confidence,0.3,0.021965024921855196,-0.27333783897947117,0
age,65_or_older,flat_confidence,0.5,0.011383796570076878,-0.7826729745712595,0
age,65_or_older,mc_confidence_only,0.05,0.07275358710199507,0.06175106601512651,0
age,65_or_older,mc_confidence_only,0.1,0.05282870096589789,0.009626125238189107,0
age,65_or_older,mc_confidence_only,0.2,0.032783855706682435,-0.11417060910703725,0
age,65_or_older,mc_confidence_only,0.3,0.022091746219481286,-0.27333783897947117,0
age,65_or_older,mc_confidence_only,0.5,0.011383796570076878,-0.7826729745712595,0
age,65_or_older,nars_gated,0.05,0.07275358710199507,0.06175106601512651,0
age,65_or_older,nars_gated,0.1,0.05282870096589789,0.009626125238189107,0
age,65_or_older,nars_gated,0.2,0.032783855706682435,-0.11417060910703725,0
age,65_or_older,nars_gated,0.3,0.022091746219481286,-0.27333783897947117,0
age,65_or_older,nars_gated,0.5,0.011383796570076878,-0.7826729745712595,0
age,65_or_older,transformer_recalibrated,0.05,0.07445765507796694,0.06175106601512651,0
age,65_or_older,transformer_recalibrated,0.1,0.05217162757079966,0.009626125238189107,0
age,65_or_older,transformer_recalibrated,0.2,0.03304257835600236,-0.11417060910703725,0
age,65_or_older,transformer_recalibrated,0.3,0.021310298217453748,-0.27333783897947117,0
age,65_or_older,transformer_recalibrated,0.5,0.011531638083973979,-0.7826729745712595,0
age,unavailable,random_forest,0.05,0.1154849934754241,0.11555748876323038,0
age,unavailable,random_forest,0.1,0.08065503520048975,0.06642179369452098,0
age,unavailable,random_forest,0.2,0.05785123966942149,-0.05027548209366389,0
age,unavailable,random_forest,0.3,0.0379771743408107,-0.20031483667847305,0
age,unavailable,random_forest,0.5,0.013774104683195593,-0.6804407713498621,0
age,unavailable,extra_trees,0.05,0.12396694214876033,0.11555748876323038,0
age,unavailable,extra_trees,0.1,0.0881542699724518,0.06642179369452098,0
age,unavailable,extra_trees,0.2,0.05337465564738292,-0.05027548209366389,0
age,unavailable,extra_trees,0.3,0.04171585989767808,-0.20031483667847305,0
age,unavailable,extra_trees,0.5,0.008264462809917356,-0.6804407713498621,0
age,unavailable,hist_gradient_boosting,0.05,0.11099028563143395,0.11555748876323038,0
age,unavailable,hist_gradient_boosting,0.1,0.08509335782063054,0.06642179369452098,0
age,unavailable,hist_gradient_boosting,0.2,0.05544077134986226,-0.05027548209366389,0
age,unavailable,hist_gradient_boosting,0.3,0.0440771349862259,-0.20031483667847305,0
age,unavailable,hist_gradient_boosting,0.5,0.02203856749311295,-0.6804407713498621,0
age,unavailable,calibrated_logistic_regression,0.05,0.10446570972886762,0.11555748876323038,0
age,unavailable,calibrated_logistic_regression,0.1,0.07131925313743495,0.06642179369452098,0
age,unavailable,calibrated_logistic_regression,0.2,0.04442148760330578,-0.05027548209366389,0
age,unavailable,calibrated_logistic_regression,0.3,0.031877213695395513,-0.20031483667847305,0
age,unavailable,calibrated_logistic_regression,0.5,0.011019283746556474,-0.6804407713498621,0
age,unavailable,apache_raw,0.05,0.1183848049876758,0.11555748876323038,0
age,unavailable,apache_raw,0.1,0.07575757575757576,0.06642179369452098,0
age,unavailable,apache_raw,0.2,0.04338842975206612,-0.05027548209366389,0
age,unavailable,apache_raw,0.3,0.03168044077134986,-0.20031483667847305,0
age,unavailable,apache_raw,0.5,0.004132231404958678,-0.6804407713498621,0
age,unavailable,apache_only_logistic,0.05,0.11889227200231985,0.11555748876323038,0
age,unavailable,apache_only_logistic,0.1,0.07254361799816346,0.06642179369452098,0
age,unavailable,apache_only_logistic,0.2,0.040289256198347105,-0.05027548209366389,0
age,unavailable,apache_only_logistic,0.3,0.02085792994883904,-0.20031483667847305,0
age,unavailable,apache_only_logistic,0.5,0.011019283746556474,-0.6804407713498621,0
age,unavailable,apache_recalibrated,0.05,0.11729737567058142,0.11555748876323038,0
age,unavailable,apache_recalibrated,0.1,0.07422711968166514,0.06642179369452098,0
age,unavailable,apache_recalibrated,0.2,0.05130853994490358,-0.05027548209366389,0
age,unavailable,apache_recalibrated,0.3,0.024596615505706416,-0.20031483667847305,0
age,unavailable,apache_recalibrated,0.5,0.011019283746556474,-0.6804407713498621,0
age,unavailable,deterministic,0.05,0.11178773379730318,0.11555748876323038,0
age,unavailable,deterministic,0.1,0.08585858585858586,0.06642179369452098,0
age,unavailable,deterministic,0.2,0.058195592286501376,-0.05027548209366389,0
age,unavailable,deterministic,0.3,0.0371900826446281,-0.20031483667847305,0
age,unavailable,deterministic,0.5,0.01790633608815427,-0.6804407713498621,0
age,unavailable,mean_logit,0.05,0.11497752646078005,0.11555748876323038,0
age,unavailable,mean_logit,0.1,0.0901438628711356,0.06642179369452098,0
age,unavailable,mean_logit,0.2,0.058195592286501376,-0.05027548209366389,0
age,unavailable,mean_logit,0.3,0.0379771743408107,-0.20031483667847305,0
age,unavailable,mean_logit,0.5,0.01790633608815427,-0.6804407713498621,0
age,unavailable,baseline,0.05,0.114470059446136,0.11555748876323038,0
age,unavailable,baseline,0.1,0.08953168044077135,0.06642179369452098,0
age,unavailable,baseline,0.2,0.058195592286501376,-0.05027548209366389,0
age,unavailable,baseline,0.3,0.03935458480913026,-0.20031483667847305,0
age,unavailable,baseline,0.5,0.01790633608815427,-0.6804407713498621,0
age,unavailable,flat_confidence,0.05,0.114470059446136,0.11555748876323038,0
age,unavailable,flat_confidence,0.1,0.08953168044077135,0.06642179369452098,0
age,unavailable,flat_confidence,0.2,0.058195592286501376,-0.05027548209366389,0
age,unavailable,flat_confidence,0.3,0.03935458480913026,-0.20031483667847305,0
age,unavailable,flat_confidence,0.5,0.01790633608815427,-0.6804407713498621,0
age,unavailable,mc_confidence_only,0.05,0.114470059446136,0.11555748876323038,0
age,unavailable,mc_confidence_only,0.1,0.08937863483318029,0.06642179369452098,0
age,unavailable,mc_confidence_only,0.2,0.058195592286501376,-0.05027548209366389,0
age,unavailable,mc_confidence_only,0.3,0.03935458480913026,-0.20031483667847305,0
age,unavailable,mc_confidence_only,0.5,0.01652892561983471,-0.6804407713498621,0
age,unavailable,nars_gated,0.05,0.114470059446136,0.11555748876323038,0
age,unavailable,nars_gated,0.1,0.08937863483318029,0.06642179369452098,0
age,unavailable,nars_gated,0.2,0.058195592286501376,-0.05027548209366389,0
age,unavailable,nars_gated,0.3,0.03935458480913026,-0.20031483667847305,0
age,unavailable,nars_gated,0.5,0.01652892561983471,-0.6804407713498621,0
age,unavailable,transformer_recalibrated,0.05,0.11258518196317238,0.11555748876323038,0
age,unavailable,transformer_recalibrated,0.1,0.08662381389654117,0.06642179369452098,0
age,unavailable,transformer_recalibrated,0.2,0.0540633608815427,-0.05027548209366389,0
age,unavailable,transformer_recalibrated,0.3,0.03896103896103896,-0.20031483667847305,0
age,unavailable,transformer_recalibrated,0.5,0.013774104683195593,-0.6804407713498621,0
age,under_65,random_forest,0.05,0.033853006681514475,0.007697417262532723,0
age,under_65,random_forest,0.1,0.025274272044873383,-0.04743050400065991,0
age,under_65,random_forest,0.2,0.013474387527839644,-0.1783593170007424,0
age,under_65,random_forest,0.3,0.009057164068299926,-0.34669636228656275,0
age,under_65,random_forest,0.5,0.003711952487008166,-0.8853749072011878,0
age,under_65,extra_trees,0.05,0.0328292892587817,0.007697417262532723,0
age,under_65,extra_trees,0.1,0.023245071351975583,-0.04743050400065991,0
age,under_65,extra_trees,0.2,0.014884929472902746,-0.1783593170007424,0
age,under_65,extra_trees,0.3,0.009354120267260579,-0.34669636228656275,0
age,under_65,extra_trees,0.5,0.005048255382331106,-0.8853749072011878,0
age,under_65,hist_gradient_boosting,0.05,0.03363419685070137,0.007697417262532723,0
age,under_65,hist_gradient_boosting,0.1,0.02367400808380764,-0.04743050400065991,0
age,under_65,hist_gradient_boosting,0.2,0.01495916852264291,-0.1783593170007424,0
age,under_65,hist_gradient_boosting,0.3,0.009863188036907413,-0.34669636228656275,0
age,under_65,hist_gradient_boosting,0.5,0.004454342984409799,-0.8853749072011878,0
age,under_65,calibrated_logistic_regression,0.05,0.030117610284062044,0.007697417262532723,0
age,under_65,calibrated_logistic_regression,0.1,0.01983007506392807,-0.04743050400065991,0
age,under_65,calibrated_logistic_regression,0.2,0.011469933184855233,-0.1783593170007424,0
age,under_65,calibrated_logistic_regression,0.3,0.006829992576095026,-0.34669636228656275,0
age,under_65,calibrated_logistic_regression,0.5,0.0032665181885671865,-0.8853749072011878,0
age,under_65,apache_raw,0.05,0.031641464462939084,0.007697417262532723,0
age,under_65,apache_raw,0.1,0.025290769611482307,-0.04743050400065991,0
age,under_65,apache_raw,0.2,0.015219005196733483,-0.1783593170007424,0
age,under_65,apache_raw,0.3,0.010796478947926607,-0.34669636228656275,0
age,under_65,apache_raw,0.5,0.005642167780252413,-0.8853749072011878,0
age,under_65,apache_only_logistic,0.05,0.03377486031336693,0.007697417262532723,0
age,under_65,apache_only_logistic,0.1,0.025604223377051885,-0.04743050400065991,0
age,under_65,apache_only_logistic,0.2,0.01852264291017075,-0.1783593170007424,0
age,under_65,apache_only_logistic,0.3,0.014211475235974122,-0.34669636228656275,0
age,under_65,apache_only_logistic,0.5,0.006087602078693393,-0.8853749072011878,0
age,under_65,apache_recalibrated,0.05,0.033298167467666936,0.007697417262532723,0
age,under_65,apache_recalibrated,0.1,0.026181638208364263,-0.04743050400065991,0
age,under_65,apache_recalibrated,0.2,0.01855976243504083,-0.1783593170007424,0
age,under_65,apache_recalibrated,0.3,0.014084208293562415,-0.34669636228656275,0
age,under_65,apache_recalibrated,0.5,0.0062360801781737195,-0.8853749072011878,0
age,under_65,deterministic,0.05,0.034611026452545615,0.007697417262532723,0
age,under_65,deterministic,0.1,0.024746349913387772,-0.04743050400065991,0
age,under_65,deterministic,0.2,0.01429101707498144,-0.1783593170007424,0
age,under_65,deterministic,0.3,0.008208717785555202,-0.34669636228656275,0
age,under_65,deterministic,0.5,0.003711952487008166,-0.8853749072011878,0
age,under_65,mean_logit,0.05,0.03461884108936037,0.007697417262532723,0
age,under_65,mean_logit,0.1,0.025158789078610907,-0.04743050400065991,0
age,under_65,mean_logit,0.2,0.014625092798812175,-0.1783593170007424,0
age,under_65,mean_logit,0.3,0.008526885141584473,-0.34669636228656275,0
age,under_65,mean_logit,0.5,0.004305864884929473,-0.8853749072011878,0
age,under_65,baseline,0.05,0.03474387527839644,0.007697417262532723,0
age,under_65,baseline,0.1,0.024680359646952074,-0.04743050400065991,0
age,under_65,baseline,0.2,0.014587973273942094,-0.1783593170007424,0
age,under_65,baseline,0.3,0.008760207869339271,-0.34669636228656275,0
age,under_65,baseline,0.5,0.004305864884929473,-0.8853749072011878,0
age,under_65,flat_confidence,0.05,0.03474387527839644,0.007697417262532723,0
age,under_65,flat_confidence,0.1,0.024680359646952074,-0.04743050400065991,0
age,under_65,flat_confidence,0.2,0.014587973273942094,-0.1783593170007424,0
age,under_65,flat_confidence,0.3,0.008760207869339271,-0.34669636228656275,0
age,under_65,flat_confidence,0.5,0.004305864884929473,-0.8853749072011878,0
age,under_65,mc_confidence_only,0.05,0.03475950455202594,0.007697417262532723,0
age,under_65,mc_confidence_only,0.1,0.02479584261321455,-0.04743050400065991,0
age,under_65,mc_confidence_only,0.2,0.014699331848552339,-0.1783593170007424,0
age,under_65,mc_confidence_only,0.3,0.008463251670378619,-0.34669636228656275,0
age,under_65,mc_confidence_only,0.5,0.004305864884929473,-0.8853749072011878,0
age,under_65,nars_gated,0.05,0.03475950455202594,0.007697417262532723,0
age,under_65,nars_gated,0.1,0.02477934504660562,-0.04743050400065991,0
age,under_65,nars_gated,0.2,0.014699331848552339,-0.1783593170007424,0
age,under_65,nars_gated,0.3,0.008463251670378619,-0.34669636228656275,0
age,under_65,nars_gated,0.5,0.004305864884929473,-0.8853749072011878,0
age,under_65,transformer_recalibrated,0.05,0.034634470362989875,0.007697417262532723,0
age,under_65,transformer_recalibrated,0.1,0.024185432648684318,-0.04743050400065991,0
age,under_65,transformer_recalibrated,0.2,0.013474387527839644,-0.1783593170007424,0
age,under_65,transformer_recalibrated,0.3,0.009163219853643016,-0.34669636228656275,0
age,under_65,transformer_recalibrated,0.5,0.004008908685968819,-0.8853749072011878,0
gender,F,random_forest,0.05,0.057908287301625255,0.041265134667655044,0
gender,F,random_forest,0.1,0.040318373803153444,-0.011997913406364122,0
gender,F,random_forest,0.2,0.0241556868090262,-0.13849765258215962,0
gender,F,random_forest,0.3,0.017221609225243937,-0.30114017437961105,0
gender,F,random_forest,0.5,0.007723761926397092,-0.8215962441314555,0
gender,F,extra_trees,0.05,0.05774887013080178,0.041265134667655044,0
gender,F,extra_trees,0.1,0.04173187271778821,-0.011997913406364122,0
gender,F,extra_trees,0.2,0.025064364682719976,-0.13849765258215962,0
gender,F,extra_trees,0.3,0.0185413556608468,-0.30114017437961105,0
gender,F,extra_trees,0.5,0.007572315614114796,-0.8215962441314555,0
gender,F,hist_gradient_boosting,0.05,0.05731844376957842,0.041265134667655044,0
gender,F,hist_gradient_boosting,0.1,0.039746243290087,-0.011997913406364122,0
gender,F,hist_gradient_boosting,0.2,0.023436316825685293,-0.13849765258215962,0
gender,F,hist_gradient_boosting,0.3,0.01782739447437312,-0.30114017437961105,0
gender,F,hist_gradient_boosting,0.5,0.009995456610631531,-0.8215962441314555,0
gender,F,calibrated_logistic_regression,0.05,0.05337286879169756,0.041265134667655044,0
gender,F,calibrated_logistic_regression,0.1,0.03638076968381375,-0.011997913406364122,0
gender,F,calibrated_logistic_regression,0.2,0.018211419051946082,-0.13849765258215962,0
gender,F,calibrated_logistic_regression,0.3,0.012613314294368362,-0.30114017437961105,0
gender,F,calibrated_logistic_regression,0.5,0.005603513554444949,-0.8215962441314555,0
gender,F,apache_raw,0.05,0.056027164685908314,0.041265134667655044,0
gender,F,apache_raw,0.1,0.03877025594426776,-0.011997913406364122,0
gender,F,apache_raw,0.2,0.02301983946690898,-0.13849765258215962,0
gender,F,apache_raw,0.3,0.015945133164578868,-0.30114017437961105,0
gender,F,apache_raw,0.5,0.001817355747387551,-0.8215962441314555,0
gender,F,apache_only_logistic,0.05,0.05689598826689623,0.041265134667655044,0
gender,F,apache_only_logistic,0.1,0.04084002221212581,-0.011997913406364122,0
gender,F,apache_only_logistic,0.2,0.026768135695895805,-0.13849765258215962,0
gender,F,apache_only_logistic,0.3,0.017762488911966422,-0.30114017437961105,0
gender,F,apache_only_logistic,0.5,0.005452067242162653,-0.8215962441314555,0
gender,F,apache_recalibrated,0.05,0.058075675330989895,0.041265134667655044,0
gender,F,apache_recalibrated,0.1,0.04156359903747455,-0.011997913406364122,0
gender,F,apache_recalibrated,0.2,0.028471906709071633,-0.13849765258215962,0
gender,F,apache_recalibrated,0.3,0.018108651911468814,-0.30114017437961105,0
gender,F,apache_recalibrated,0.5,0.0068150840527033164,-0.8215962441314555,0
gender,F,deterministic,0.05,0.05945463385861291,0.041265134667655044,0
gender,F,deterministic,0.1,0.04134484325306679,-0.011997913406364122,0
gender,F,deterministic,0.2,0.02548084204149629,-0.13849765258215962,0
gender,F,deterministic,0.3,0.016442742476363556,-0.30114017437961105,0
gender,F,deterministic,0.5,0.008480993487808572,-0.8215962441314555,0
gender,F,mean_logit,0.05,0.058832906892401386,0.041265134667655044,0
gender,F,mean_logit,0.1,0.042842479007858376,-0.011997913406364122,0
gender,F,mean_logit,0.2,0.02491291837043768,-0.13849765258215962,0
gender,F,mean_logit,0.3,0.01707016291296164,-0.30114017437961105,0
gender,F,mean_logit,0.5,0.009389671361502348,-0.8215962441314555,0
gender,F,baseline,0.05,0.05860972285324852,0.041265134667655044,0
gender,F,baseline,0.1,0.04272468743163881,-0.011997913406364122,0
gender,F,baseline,0.2,0.02483719521429653,-0.13849765258215962,0
gender,F,baseline,0.3,0.017026892538023843,-0.30114017437961105,0
gender,F,baseline,0.5,0.009389671361502348,-0.8215962441314555,0
gender,F,flat_confidence,0.05,0.05860972285324852,0.041265134667655044,0
gender,F,flat_confidence,0.1,0.04272468743163881,-0.011997913406364122,0
gender,F,flat_confidence,0.2,0.02483719521429653,-0.13849765258215962,0
gender,F,flat_confidence,0.3,0.017026892538023843,-0.30114017437961105,0
gender,F,flat_confidence,0.5,0.009389671361502348,-0.8215962441314555,0
gender,F,mc_confidence_only,0.05,0.05860972285324852,0.041265134667655044,0
gender,F,mc_confidence_only,0.1,0.04272468743163881,-0.011997913406364122,0
gender,F,mc_confidence_only,0.2,0.024950779948508254,-0.13849765258215962,0
gender,F,mc_confidence_only,0.3,0.016940351788148244,-0.30114017437961105,0
gender,F,mc_confidence_only,0.5,0.009389671361502348,-0.8215962441314555,0
gender,F,nars_gated,0.05,0.05860972285324852,0.041265134667655044,0
gender,F,nars_gated,0.1,0.04272468743163881,-0.011997913406364122,0
gender,F,nars_gated,0.2,0.024950779948508254,-0.13849765258215962,0
gender,F,nars_gated,0.3,0.016940351788148244,-0.30114017437961105,0
gender,F,nars_gated,0.5,0.009389671361502348,-0.8215962441314555,0
gender,F,transformer_recalibrated,0.05,0.05962202188797755,0.041265134667655044,0
gender,F,transformer_recalibrated,0.1,0.04121022430881585,-0.011997913406364122,0
gender,F,transformer_recalibrated,0.2,0.024042102074814477,-0.13849765258215962,0
gender,F,transformer_recalibrated,0.3,0.016853811038272645,-0.30114017437961105,0
gender,F,transformer_recalibrated,0.5,0.008783886112373164,-0.8215962441314555,0
gender,M,random_forest,0.05,0.05554134844662542,0.036942322977502856,0
gender,M,random_forest,0.1,0.04009630115999124,-0.016560881301524763,0
gender,M,random_forest,0.2,0.02432698621142482,-0.14363099146421537,0
gender,M,random_forest,0.3,0.015289372479129535,-0.3070068473876747,0
gender,M,random_forest,0.5,0.005778069599474721,-0.8298095863427446,0
gender,M,extra_trees,0.05,0.055631198811210564,0.036942322977502856,0
gender,M,extra_trees,0.1,0.03860801050558109,-0.016560881301524763,0
gender,M,extra_trees,0.2,0.025246224556795798,-0.14363099146421537,0
gender,M,extra_trees,0.3,0.016002251195947847,-0.3070068473876747,0
gender,M,extra_trees,0.5,0.007879185817465528,-0.8298095863427446,0
gender,M,hist_gradient_boosting,0.05,0.056578083422607735,0.036942322977502856,0
gender,M,hist_gradient_boosting,0.1,0.03946888451156343,-0.016560881301524763,0
gender,M,hist_gradient_boosting,0.2,0.028956007879185817,-0.14363099146421537,0
gender,M,hist_gradient_boosting,0.3,0.01754056842697683,-0.3070068473876747,0
gender,M,hist_gradient_boosting,0.5,0.007616546290216678,-0.8298095863427446,0
gender,M,calibrated_logistic_regression,0.05,0.05283201437605833,0.036942322977502856,0
gender,M,calibrated_logistic_regression,0.1,0.03560224702706646,-0.016560881301524763,0
gender,M,calibrated_logistic_regression,0.2,0.019238345370978332,-0.14363099146421537,0
gender,M,calibrated_logistic_regression,0.3,0.01202513835475096,-0.3070068473876747,0
gender,M,calibrated_logistic_regression,0.5,0.00551543007222587,-0.8298095863427446,0
gender,M,apache_raw,0.05,0.053771987420948957,0.036942322977502856,0
gender,M,apache_raw,0.1,0.037659589990515795,-0.016560881301524763,0
gender,M,apache_raw,0.2,0.021930400525279056,-0.14363099146421537,0
gender,M,apache_raw,0.3,0.012344057780695994,-0.3070068473876747,0
gender,M,apache_raw,0.5,0.0028890347997373605,-0.8298095863427446,0
gender,M,apache_only_logistic,0.05,0.05529944361889622,0.036942322977502856,0
gender,M,apache_only_logistic,0.1,0.03779090975414022,-0.016560881301524763,0
gender,M,apache_only_logistic,0.2,0.025935653315824033,-0.14363099146421537,0
gender,M,apache_only_logistic,0.3,0.015514492073914267,-0.3070068473876747,0
gender,M,apache_only_logistic,0.5,0.008010505581089953,-0.8298095863427446,0
gender,M,apache_recalibrated,0.05,0.05455299443618896,0.036942322977502856,0
gender,M,apache_recalibrated,0.1,0.0399357992266725,-0.016560881301524763,0
gender,M,apache_recalibrated,0.2,0.02478660538411031,-0.14363099146421537,0
gender,M,apache_recalibrated,0.3,0.01665885001406997,-0.3070068473876747,0
gender,M,apache_recalibrated,0.5,0.008141825344714379,-0.8298095863427446,0
gender,M,deterministic,0.05,0.055976777136538,0.036942322977502856,0
gender,M,deterministic,0.1,0.04038812285693441,-0.016560881301524763,0
gender,M,deterministic,0.2,0.026165462902166776,-0.14363099146421537,0
gender,M,deterministic,0.3,0.016264890723196698,-0.3070068473876747,0
gender,M,deterministic,0.5,0.007616546290216678,-0.8298095863427446,0
gender,M,mean_logit,0.05,0.05554826001313198,0.036942322977502856,0
gender,M,mean_logit,0.1,0.04078208214780769,-0.016560881301524763,0
gender,M,mean_logit,0.2,0.0262967826657912,-0.14363099146421537,0
gender,M,mean_logit,0.3,0.016208610824500515,-0.3070068473876747,0
gender,M,mean_logit,0.5,0.007616546290216678,-0.8298095863427446,0
gender,M,baseline,0.05,0.055479144348066486,0.036942322977502856,0
gender,M,baseline,0.1,0.040519442620558836,-0.016560881301524763,0
gender,M,baseline,0.2,0.02603414313854235,-0.14363099146421537,0
gender,M,baseline,0.3,0.016358690554357003,-0.3070068473876747,0
gender,M,baseline,0.5,0.007616546290216678,-0.8298095863427446,0
gender,M,flat_confidence,0.05,0.055479144348066486,0.036942322977502856,0
gender,M,flat_confidence,0.1,0.040519442620558836,-0.016560881301524763,0
gender,M,flat_confidence,0.2,0.02603414313854235,-0.14363099146421537,0
gender,M,flat_confidence,0.3,0.016358690554357003,-0.3070068473876747,0
gender,M,flat_confidence,0.5,0.007616546290216678,-0.8298095863427446,0
gender,M,mc_confidence_only,0.05,0.055486055914573035,0.036942322977502856,0
gender,M,mc_confidence_only,0.1,0.04037353177208726,-0.016560881301524763,0
gender,M,mc_confidence_only,0.2,0.02613263296126067,-0.14363099146421537,0
gender,M,mc_confidence_only,0.3,0.016283650689428757,-0.3070068473876747,0
gender,M,mc_confidence_only,0.5,0.007485226526592252,-0.8298095863427446,0
gender,M,nars_gated,0.05,0.055486055914573035,0.036942322977502856,0
gender,M,nars_gated,0.1,0.040358940687240094,-0.016560881301524763,0
gender,M,nars_gated,0.2,0.02613263296126067,-0.14363099146421537,0
gender,M,nars_gated,0.3,0.016283650689428757,-0.3070068473876747,0
gender,M,nars_gated,0.5,0.007485226526592252,-0.8298095863427446,0
gender,M,transformer_recalibrated,0.05,0.05583163423990047,0.036942322977502856,0
gender,M,transformer_recalibrated,0.1,0.04030057634785147,-0.016560881301524763,0
gender,M,transformer_recalibrated,0.2,0.025640183847669074,-0.14363099146421537,0
gender,M,transformer_recalibrated,0.3,0.016246130756964638,-0.3070068473876747,0
gender,M,transformer_recalibrated,0.5,0.007616546290216678,-0.8298095863427446,0
gender,unavailable,random_forest,0.05,-0.030075187969924814,-0.052631578947368425,0
gender,unavailable,random_forest,0.1,-0.03174603174603175,-0.11111111111111112,0
gender,unavailable,random_forest,0.2,-0.07142857142857142,-0.25,0
gender,unavailable,random_forest,0.3,-0.06122448979591837,-0.4285714285714286,0
gender,unavailable,random_forest,0.5,0.0,-1.0,0
gender,unavailable,extra_trees,0.05,-0.030075187969924814,-0.052631578947368425,0
gender,unavailable,extra_trees,0.1,-0.04761904761904762,-0.11111111111111112,0
gender,unavailable,extra_trees,0.2,-0.07142857142857142,-0.25,0
gender,unavailable,extra_trees,0.3,-0.12244897959183675,-0.4285714285714286,0
gender,unavailable,extra_trees,0.5,0.0,-1.0,0
gender,unavailable,hist_gradient_boosting,0.05,-0.030075187969924814,-0.052631578947368425,0
gender,unavailable,hist_gradient_boosting,0.1,-0.03174603174603175,-0.11111111111111112,0
gender,unavailable,hist_gradient_boosting,0.2,-0.07142857142857142,-0.25,0
gender,unavailable,hist_gradient_boosting,0.3,-0.12244897959183675,-0.4285714285714286,0
gender,unavailable,hist_gradient_boosting,0.5,-0.14285714285714285,-1.0,0
gender,unavailable,calibrated_logistic_regression,0.05,-0.030075187969924814,-0.052631578947368425,0
gender,unavailable,calibrated_logistic_regression,0.1,-0.0634920634920635,-0.11111111111111112,0
gender,unavailable,calibrated_logistic_regression,0.2,-0.07142857142857142,-0.25,0
gender,unavailable,calibrated_logistic_regression,0.3,-0.06122448979591837,-0.4285714285714286,0
gender,unavailable,calibrated_logistic_regression,0.5,0.0,-1.0,0
gender,unavailable,apache_raw,0.05,-0.030075187969924814,-0.052631578947368425,0
gender,unavailable,apache_raw,0.1,0.0,-0.11111111111111112,0
gender,unavailable,apache_raw,0.2,0.0,-0.25,0
gender,unavailable,apache_raw,0.3,0.0,-0.4285714285714286,0
gender,unavailable,apache_raw,0.5,0.0,-1.0,0
gender,unavailable,apache_only_logistic,0.05,-0.030075187969924814,-0.052631578947368425,0
gender,unavailable,apache_only_logistic,0.1,0.0,-0.11111111111111112,0
gender,unavailable,apache_only_logistic,0.2,0.0,-0.25,0
gender,unavailable,apache_only_logistic,0.3,0.0,-0.4285714285714286,0
gender,unavailable,apache_only_logistic,0.5,0.0,-1.0,0
gender,unavailable,apache_recalibrated,0.05,-0.030075187969924814,-0.052631578947368425,0
gender,unavailable,apache_recalibrated,0.1,0.0,-0.11111111111111112,0
gender,unavailable,apache_recalibrated,0.2,0.0,-0.25,0
gender,unavailable,apache_recalibrated,0.3,0.0,-0.4285714285714286,0
gender,unavailable,apache_recalibrated,0.5,0.0,-1.0,0
gender,unavailable,deterministic,0.05,-0.030075187969924814,-0.052631578947368425,0
gender,unavailable,deterministic,0.1,-0.04761904761904762,-0.11111111111111112,0
gender,unavailable,deterministic,0.2,-0.07142857142857142,-0.25,0
gender,unavailable,deterministic,0.3,-0.12244897959183675,-0.4285714285714286,0
gender,unavailable,deterministic,0.5,-0.14285714285714285,-1.0,0
gender,unavailable,mean_logit,0.05,-0.030075187969924814,-0.052631578947368425,0
gender,unavailable,mean_logit,0.1,-0.04761904761904762,-0.11111111111111112,0
gender,unavailable,mean_logit,0.2,-0.07142857142857142,-0.25,0
gender,unavailable,mean_logit,0.3,-0.12244897959183675,-0.4285714285714286,0
gender,unavailable,mean_logit,0.5,-0.14285714285714285,-1.0,0
gender,unavailable,baseline,0.05,-0.030075187969924814,-0.052631578947368425,0
gender,unavailable,baseline,0.1,-0.04761904761904762,-0.11111111111111112,0
gender,unavailable,baseline,0.2,-0.10714285714285716,-0.25,0
gender,unavailable,baseline,0.3,-0.12244897959183675,-0.4285714285714286,0
gender,unavailable,baseline,0.5,-0.14285714285714285,-1.0,0
gender,unavailable,flat_confidence,0.05,-0.030075187969924814,-0.052631578947368425,0
gender,unavailable,flat_confidence,0.1,-0.04761904761904762,-0.11111111111111112,0
gender,unavailable,flat_confidence,0.2,-0.10714285714285716,-0.25,0
gender,unavailable,flat_confidence,0.3,-0.12244897959183675,-0.4285714285714286,0
gender,unavailable,flat_confidence,0.5,-0.14285714285714285,-1.0,0
gender,unavailable,mc_confidence_only,0.05,-0.030075187969924814,-0.052631578947368425,0
gender,unavailable,mc_confidence_only,0.1,-0.04761904761904762,-0.11111111111111112,0
gender,unavailable,mc_confidence_only,0.2,-0.10714285714285716,-0.25,0
gender,unavailable,mc_confidence_only,0.3,-0.12244897959183675,-0.4285714285714286,0
gender,unavailable,mc_confidence_only,0.5,-0.14285714285714285,-1.0,0
gender,unavailable,nars_gated,0.05,-0.030075187969924814,-0.052631578947368425,0
gender,unavailable,nars_gated,0.1,-0.04761904761904762,-0.11111111111111112,0
gender,unavailable,nars_gated,0.2,-0.10714285714285716,-0.25,0
gender,unavailable,nars_gated,0.3,-0.12244897959183675,-0.4285714285714286,0
gender,unavailable,nars_gated,0.5,-0.14285714285714285,-1.0,0
gender,unavailable,transformer_recalibrated,0.05,-0.030075187969924814,-0.052631578947368425,0
gender,unavailable,transformer_recalibrated,0.1,-0.04761904761904762,-0.11111111111111112,0
gender,unavailable,transformer_recalibrated,0.2,-0.07142857142857142,-0.25,0
gender,unavailable,transformer_recalibrated,0.3,-0.12244897959183675,-0.4285714285714286,0
gender,unavailable,transformer_recalibrated,0.5,-0.14285714285714285,-1.0,0
apache_availability,available,random_forest,0.05,0.058024007386888274,0.04027906022365855,0
apache_availability,available,random_forest,0.1,0.041472817847086854,-0.013038769763915978,0
apache_availability,available,random_forest,0.2,0.025321637426900585,-0.13966861598440547,0
apache_availability,available,random_forest,0.3,0.017176274018379283,-0.302478418267892,0
apache_availability,available,random_forest,0.5,0.007485380116959065,-0.8234697855750488,0
apache_availability,available,extra_trees,0.05,0.058184056632810094,0.04027906022365855,0
apache_availability,available,extra_trees,0.1,0.04135152696556205,-0.013038769763915978,0
apache_availability,available,extra_trees,0.2,0.02608187134502924,-0.13966861598440547,0
apache_availability,available,extra_trees,0.3,0.01823447507658034,-0.302478418267892,0
apache_availability,available,extra_trees,0.5,0.008499025341130605,-0.8234697855750488,0
apache_availability,available,hist_gradient_boosting,0.05,0.05824151020826921,0.04027906022365855,0
apache_availability,available,hist_gradient_boosting,0.1,0.040736408923543424,-0.013038769763915978,0
apache_availability,available,hist_gradient_boosting,0.2,0.02760233918128655,-0.13966861598440547,0
apache_availability,available,hist_gradient_boosting,0.3,0.018802561960456696,-0.302478418267892,0
apache_availability,available,hist_gradient_boosting,0.5,0.009824561403508772,-0.8234697855750488,0
apache_availability,available,calibrated_logistic_regression,0.05,0.05472863445162614,0.04027906022365855,0
apache_availability,available,calibrated_logistic_regression,0.1,0.03727095516569201,-0.013038769763915978,0
apache_availability,available,calibrated_logistic_regression,0.2,0.01939571150097466,-0.13966861598440547,0
apache_availability,available,calibrated_logistic_regression,0.3,0.012843219159008634,-0.302478418267892,0
apache_availability,available,calibrated_logistic_regression,0.5,0.006393762183235867,-0.8234697855750488,0
apache_availability,available,apache_raw,0.05,0.05788447727505899,0.04027906022365855,0
apache_availability,available,apache_raw,0.1,0.04232185401776045,-0.013038769763915978,0
apache_availability,available,apache_raw,0.2,0.024873294346978558,-0.13966861598440547,0
apache_availability,available,apache_raw,0.3,0.015538847117794486,-0.302478418267892,0
apache_availability,available,apache_raw,0.5,0.0026510721247563354,-0.8234697855750488,0
apache_availability,available,apache_only_logistic,0.05,0.059238740125166715,0.04027906022365855,0
apache_availability,available,apache_only_logistic,0.1,0.04346545375785142,-0.013038769763915978,0
apache_availability,available,apache_only_logistic,0.2,0.029181286549707603,-0.13966861598440547,0
apache_availability,available,apache_only_logistic,0.3,0.018357003620161513,-0.302478418267892,0
apache_availability,available,apache_only_logistic,0.5,0.007563352826510722,-0.8234697855750488,0
apache_availability,available,apache_recalibrated,0.05,0.05940289319790705,0.04027906022365855,0
apache_availability,available,apache_recalibrated,0.1,0.04511154429283084,-0.013038769763915978,0
apache_availability,available,apache_recalibrated,0.2,0.029376218323586743,-0.13966861598440547,0
apache_availability,available,apache_recalibrated,0.3,0.019214703425229743,-0.302478418267892,0
apache_availability,available,apache_recalibrated,0.5,0.008343079922027291,-0.8234697855750488,0
apache_availability,available,deterministic,0.05,0.058885811018775006,0.04027906022365855,0
apache_availability,available,deterministic,0.1,0.04227853584578731,-0.013038769763915978,0
apache_availability,available,deterministic,0.2,0.026881091617933724,-0.13966861598440547,0
apache_availability,available,deterministic,0.3,0.01747702589807853,-0.302478418267892,0
apache_availability,available,deterministic,0.5,0.008888888888888889,-0.8234697855750488,0
apache_availability,available,mean_logit,0.05,0.0585328819123833,0.04027906022365855,0
apache_availability,available,mean_logit,0.1,0.04303227203812,-0.013038769763915978,0
apache_availability,available,mean_logit,0.2,0.02639376218323587,-0.13966861598440547,0
apache_availability,available,mean_logit,0.3,0.017610693400167084,-0.302478418267892,0
apache_availability,available,mean_logit,0.5,0.009434697855750487,-0.8234697855750488,0
apache_availability,available,baseline,0.05,0.05841797476146507,0.04027906022365855,0
apache_availability,available,baseline,0.1,0.04280701754385965,-0.013038769763915978,0
apache_availability,available,baseline,0.2,0.026237816764132553,-0.13966861598440547,0
apache_availability,available,baseline,0.3,0.01767752715121136,-0.302478418267892,0
apache_availability,available,baseline,0.5,0.009434697855750487,-0.8234697855750488,0
apache_availability,available,flat_confidence,0.05,0.05841797476146507,0.04027906022365855,0
apache_availability,available,flat_confidence,0.1,0.04280701754385965,-0.013038769763915978,0
apache_availability,available,flat_confidence,0.2,0.026237816764132553,-0.13966861598440547,0
apache_availability,available,flat_confidence,0.3,0.01767752715121136,-0.302478418267892,0
apache_availability,available,flat_confidence,0.5,0.009434697855750487,-0.8234697855750488,0
apache_availability,available,mc_confidence_only,0.05,0.05842207858828358,0.04027906022365855,0
apache_availability,available,mc_confidence_only,0.1,0.042815681178254274,-0.013038769763915978,0
apache_availability,available,mc_confidence_only,0.2,0.02631578947368421,-0.13966861598440547,0
apache_availability,available,mc_confidence_only,0.3,0.017588415483152323,-0.302478418267892,0
apache_availability,available,mc_confidence_only,0.5,0.00935672514619883,-0.8234697855750488,0
apache_availability,available,nars_gated,0.05,0.05842207858828358,0.04027906022365855,0
apache_availability,available,nars_gated,0.1,0.04280701754385965,-0.013038769763915978,0
apache_availability,available,nars_gated,0.2,0.02631578947368421,-0.13966861598440547,0
apache_availability,available,nars_gated,0.3,0.017588415483152323,-0.302478418267892,0
apache_availability,available,nars_gated,0.5,0.00935672514619883,-0.8234697855750488,0
apache_availability,available,transformer_recalibrated,0.05,0.05880373448240484,0.04027906022365855,0
apache_availability,available,transformer_recalibrated,0.1,0.041845354126055875,-0.013038769763915978,0
apache_availability,available,transformer_recalibrated,0.2,0.025730994152046785,-0.13966861598440547,0
apache_availability,available,transformer_recalibrated,0.3,0.017454747981063768,-0.302478418267892,0
apache_availability,available,transformer_recalibrated,0.5,0.008966861598440545,-0.8234697855750488,0
apache_availability,unavailable,random_forest,0.05,0.04353383458646617,0.026315789473684202,0
apache_availability,unavailable,random_forest,0.1,0.028174603174603175,-0.02777777777777779,0
apache_availability,unavailable,random_forest,0.2,0.013928571428571429,-0.15625,0
apache_availability,unavailable,random_forest,0.3,0.0067346938775510205,-0.32142857142857145,0
apache_availability,unavailable,random_forest,0.5,-0.0007142857142857143,-0.8500000000000001,0
apache_availability,unavailable,extra_trees,0.05,0.04180451127819549,0.026315789473684202,0
apache_availability,unavailable,extra_trees,0.1,0.02777777777777778,-0.02777777777777779,0
apache_availability,unavailable,extra_trees,0.2,0.01625,-0.15625,0
apache_availability,unavailable,extra_trees,0.3,0.006836734693877551,-0.32142857142857145,0
apache_availability,unavailable,extra_trees,0.5,0.0007142857142857143,-0.8500000000000001,0
apache_availability,unavailable,hist_gradient_boosting,0.05,0.0443984962406015,0.026315789473684202,0
apache_availability,unavailable,hist_gradient_boosting,0.1,0.028809523809523806,-0.02777777777777779,0
apache_availability,unavailable,hist_gradient_boosting,0.2,0.014821428571428572,-0.15625,0
apache_availability,unavailable,hist_gradient_boosting,0.3,0.006632653061224489,-0.32142857142857145,0
apache_availability,unavailable,hist_gradient_boosting,0.5,-0.002142857142857143,-0.8500000000000001,0
apache_availability,unavailable,calibrated_logistic_regression,0.05,0.03759398496240601,0.026315789473684202,0
apache_availability,unavailable,calibrated_logistic_regression,0.1,0.02349206349206349,-0.02777777777777779,0
apache_availability,unavailable,calibrated_logistic_regression,0.2,0.012500000000000002,-0.15625,0
apache_availability,unavailable,calibrated_logistic_regression,0.3,0.00693877551020408,-0.32142857142857145,0
apache_availability,unavailable,calibrated_logistic_regression,0.5,-0.002142857142857143,-0.8500000000000001,0
apache_availability,unavailable,apache_raw,0.05,0.026315789473684206,0.026315789473684202,0
apache_availability,unavailable,apache_raw,0.1,0.0,-0.02777777777777779,0
apache_availability,unavailable,apache_raw,0.2,0.0,-0.15625,0
apache_availability,unavailable,apache_raw,0.3,0.0,-0.32142857142857145,0
apache_availability,unavailable,apache_raw,0.5,0.0,-0.8500000000000001,0
apache_availability,unavailable,apache_only_logistic,0.05,0.026315789473684206,0.026315789473684202,0
apache_availability,unavailable,apache_only_logistic,0.1,0.0,-0.02777777777777779,0
apache_availability,unavailable,apache_only_logistic,0.2,0.0,-0.15625,0
apache_availability,unavailable,apache_only_logistic,0.3,0.0,-0.32142857142857145,0
apache_availability,unavailable,apache_only_logistic,0.5,0.0,-0.8500000000000001,0
apache_availability,unavailable,apache_recalibrated,0.05,0.026315789473684206,0.026315789473684202,0
apache_availability,unavailable,apache_recalibrated,0.1,0.0,-0.02777777777777779,0
apache_availability,unavailable,apache_recalibrated,0.2,0.0,-0.15625,0
apache_availability,unavailable,apache_recalibrated,0.3,0.0,-0.32142857142857145,0
apache_availability,unavailable,apache_recalibrated,0.5,0.0,-0.8500000000000001,0
apache_availability,unavailable,deterministic,0.05,0.045300751879699244,0.026315789473684202,0
apache_availability,unavailable,deterministic,0.1,0.027142857142857142,-0.02777777777777779,0
apache_availability,unavailable,deterministic,0.2,0.015892857142857146,-0.15625,0
apache_availability,unavailable,deterministic,0.3,0.005306122448979593,-0.32142857142857145,0
apache_availability,unavailable,deterministic,0.5,-0.0007142857142857143,-0.8500000000000001,0
apache_availability,unavailable,mean_logit,0.05,0.04327067669172932,0.026315789473684202,0
apache_availability,unavailable,mean_logit,0.1,0.029444444444444443,-0.02777777777777779,0
apache_availability,unavailable,mean_logit,0.2,0.01839285714285714,-0.15625,0
apache_availability,unavailable,mean_logit,0.3,0.006734693877551022,-0.32142857142857145,0
apache_availability,unavailable,mean_logit,0.5,-0.0014285714285714286,-0.8500000000000001,0
apache_availability,unavailable,baseline,0.05,0.04289473684210526,0.026315789473684202,0
apache_availability,unavailable,baseline,0.1,0.02952380952380952,-0.02777777777777779,0
apache_availability,unavailable,baseline,0.2,0.017857142857142856,-0.15625,0
apache_availability,unavailable,baseline,0.3,0.006734693877551022,-0.32142857142857145,0
apache_availability,unavailable,baseline,0.5,-0.0014285714285714286,-0.8500000000000001,0
apache_availability,unavailable,flat_confidence,0.05,0.04289473684210526,0.026315789473684202,0
apache_availability,unavailable,flat_confidence,0.1,0.02952380952380952,-0.02777777777777779,0
apache_availability,unavailable,flat_confidence,0.2,0.017857142857142856,-0.15625,0
apache_availability,unavailable,flat_confidence,0.3,0.006734693877551022,-0.32142857142857145,0
apache_availability,unavailable,flat_confidence,0.5,-0.0014285714285714286,-0.8500000000000001,0
apache_availability,unavailable,mc_confidence_only,0.05,0.04289473684210526,0.026315789473684202,0
apache_availability,unavailable,mc_confidence_only,0.1,0.028650793650793652,-0.02777777777777779,0
apache_availability,unavailable,mc_confidence_only,0.2,0.018214285714285714,-0.15625,0
apache_availability,unavailable,mc_confidence_only,0.3,0.006734693877551022,-0.32142857142857145,0
apache_availability,unavailable,mc_confidence_only,0.5,-0.0014285714285714286,-0.8500000000000001,0
apache_availability,unavailable,nars_gated,0.05,0.04289473684210526,0.026315789473684202,0
apache_availability,unavailable,nars_gated,0.1,0.028650793650793652,-0.02777777777777779,0
apache_availability,unavailable,nars_gated,0.2,0.018214285714285714,-0.15625,0
apache_availability,unavailable,nars_gated,0.3,0.006734693877551022,-0.32142857142857145,0
apache_availability,unavailable,nars_gated,0.5,-0.0014285714285714286,-0.8500000000000001,0
apache_availability,unavailable,transformer_recalibrated,0.05,0.046052631578947366,0.026315789473684202,0
apache_availability,unavailable,transformer_recalibrated,0.1,0.03,-0.02777777777777779,0
apache_availability,unavailable,transformer_recalibrated,0.2,0.016785714285714286,-0.15625,0
apache_availability,unavailable,transformer_recalibrated,0.3,0.007346938775510204,-0.32142857142857145,0
apache_availability,unavailable,transformer_recalibrated,0.5,0.0,-0.8500000000000001,0
