dataset,seed,ablation,gamma,symbolic_confidence_scale,baseline_auc,baseline_brier,auc,brier,accuracy,ece
wids,0,nars_gated_gamma,0.25,1.0,0.5917056948781028,0.07928355607939692,0.5917218779650839,0.07928367250138875,0.9130404217926187,0.010330082928262312
wids,0,symbolic_disabled_mc_confidence_only,0.25,1.0,0.5917056948781028,0.07928355607939692,0.5917216912371572,0.07928367332193227,0.9130404217926187,0.01033009069521932
wids,0,nars_gated_gamma,0.5,1.0,0.5917056948781028,0.07928355607939692,0.591737812081496,0.07928378883665983,0.9130404217926187,0.010331079236090576
wids,0,symbolic_disabled_mc_confidence_only,0.5,1.0,0.5917056948781028,0.07928355607939692,0.591737251897716,0.0792837904780917,0.9130404217926187,0.0103310947721779
wids,0,nars_gated_gamma,1.0,1.0,0.5917056948781028,0.07928355607939692,0.5917619622266832,0.07928402124811615,0.9130404217926187,0.010333064833520166
wids,0,symbolic_disabled_mc_confidence_only,1.0,1.0,0.5917056948781028,0.07928355607939692,0.5917614642855453,0.07928402453235169,0.9130404217926187,0.010333095914343103
wids,0,nars_gated_gamma,2.0,1.0,0.5917056948781028,0.07928355607939692,0.5918428776615887,0.0792844850321955,0.9130404217926187,0.010337008041615295
wids,0,symbolic_disabled_mc_confidence_only,2.0,1.0,0.5917056948781028,0.07928355607939692,0.5918406991691106,0.07928449160609549,0.9130404217926187,0.010337070237507132
wids,0,nars_gated_gamma,4.0,1.0,0.5917056948781028,0.07928355607939692,0.5919905794516125,0.07928540842592517,0.9130404217926187,0.010344783201413882
wids,0,symbolic_disabled_mc_confidence_only,4.0,1.0,0.5917056948781028,0.07928355607939692,0.5919821144522686,0.07928542159497294,0.9130404217926187,0.010344907727405261
wids,0,rule_truth_confidence_scale,2.0,0.5,0.5917056948781028,0.07928355607939692,0.5918415083234596,0.07928448987325899,0.9130404217926187,0.010337055197705362
wids,0,rule_truth_confidence_scale,2.0,0.75,0.5917056948781028,0.07928355607939692,0.5918421307498819,0.07928448816207344,0.9130404217926187,0.010337039813870472
wids,0,rule_truth_confidence_scale,2.0,1.25,0.5917056948781028,0.07928355607939692,0.5918120053110402,0.07928463100376308,0.9130404217926187,0.010337087946199733
wids,0,rule_truth_confidence_scale,2.0,1.5,0.5917056948781028,0.07928355607939692,0.592091910473171,0.07928399047662359,0.9130404217926187,0.010333078947696169
