dataset,seed,variant,auc,pr_auc,brier,log_loss,accuracy,ece,ece_15,ece_quantile_10,calibration_intercept,calibration_slope,sensitivity_0.1,specificity_0.1,ppv_0.1,npv_0.1,sensitivity_0.2,specificity_0.2,ppv_0.2,npv_0.2,sensitivity_0.5,specificity_0.5,ppv_0.5,npv_0.5,auc_ci_95_lower,auc_ci_95_upper,brier_ci_95_lower,brier_ci_95_upper,ece_ci_95_lower,ece_ci_95_upper
tcga,0,random_forest,0.7495798319327731,0.6960849029506705,0.211054660511663,0.6119054429975447,0.7101449275362319,0.10817798367300453,0.12427343147661218,0.11536873799252323,0.03446743455988701,1.6733218438482098,1.0,0.0,0.4927536231884058,,0.9705882352941176,0.08571428571428572,0.5076923076923077,0.75,0.8235294117647058,0.6,0.6666666666666666,0.7777777777777778,0.628471620971621,0.8538875920738666,0.184259812842297,0.23929974966851586,0.06813558814757444,0.21708945973941593
tcga,0,extra_trees,0.6991596638655462,0.6625882450577077,0.21979939788933883,0.6296908829898857,0.6376811594202898,0.06117251803877244,0.07247505813388617,0.04443068993824796,0.04482502498025667,1.029006532173329,1.0,0.05714285714285714,0.5074626865671642,1.0,0.9705882352941176,0.17142857142857143,0.532258064516129,0.8571428571428571,0.7941176470588235,0.4857142857142857,0.6,0.7083333333333334,0.573431457025207,0.8122012138188609,0.18662493928765103,0.2531152119406117,0.05985280353769114,0.1992051000706329
tcga,0,hist_gradient_boosting,0.6613445378151261,0.6632418806256082,0.24392441287207878,0.7031649986044688,0.6231884057971014,0.13443781888876463,0.1409594071139758,0.12485259951070103,0.07818996923661496,0.4523072778238381,0.9411764705882353,0.08571428571428572,0.5,0.6,0.8529411764705882,0.2,0.5087719298245614,0.5833333333333334,0.5588235294117647,0.6857142857142857,0.6333333333333333,0.6153846153846154,0.5295917948356974,0.7861985236985236,0.18858274133424607,0.301172173981099,0.11103263229195807,0.26794616197933824
tcga,0,calibrated_logistic_regression,0.7378151260504201,0.7632067449139616,0.2116194453145928,0.6124553828615517,0.6521739130434783,0.09375999246446783,0.16457583056695246,0.15247892914082992,0.031046452827362316,1.5808512393414096,1.0,0.0,0.4927536231884058,,0.9705882352941176,0.11428571428571428,0.515625,0.8,0.6764705882352942,0.6285714285714286,0.6388888888888888,0.6666666666666666,0.6209967756202651,0.8461538461538461,0.18450074669471503,0.2407217752047769,0.07402887167523922,0.2215329964393037
tcga,0,encoder_mc_confidence,0.6983193277310924,0.7127016995593681,0.24313128415672355,0.6792229510828006,0.5072463768115942,0.061010588338409645,0.08416557873504749,0.14157609619956085,1.3974901610013268,8.06778203641353,1.0,0.0,0.4927536231884058,,1.0,0.0,0.4927536231884058,,0.0,1.0,,0.5072463768115942,0.5599325780521901,0.8162535014005602,0.23115476183936723,0.2544012949530825,0.008412723664356315,0.17000414459169774
tcga,0,encoder_nars_confidence,0.6983193277310924,0.7127016995593681,0.24313128644319965,0.679222955645045,0.5072463768115942,0.06101059049799822,0.08416557657545891,0.14157609576764313,1.3974899575276125,8.067780309334314,1.0,0.0,0.4927536231884058,,1.0,0.0,0.4927536231884058,,0.0,1.0,,0.5072463768115942,0.5599325780521901,0.8162535014005602,0.2311547626660494,0.2544012994693412,0.008412725802349008,0.17000414927800492
tcga,0,deterministic,0.6941176470588236,0.7221285202186024,0.23880705804572327,0.6703873135947109,0.5652173913043478,0.09911619234776152,0.09911619234776152,0.19072743429653888,0.8153413664071971,5.206796824725845,1.0,0.0,0.4927536231884058,,1.0,0.0,0.4927536231884058,,0.11764705882352941,1.0,1.0,0.5384615384615384,0.5657795698924731,0.8148202890390391,0.2257970321684831,0.2513076043502403,0.039776456949935445,0.21066991708416868
tcga,0,mean_logit,0.6974789915966386,0.7117716832840834,0.2430791873002026,0.6791143746868039,0.5072463768115942,0.06122528364416859,0.08394180625469864,0.1413603266281676,1.388777564429581,7.971971746376904,1.0,0.0,0.4927536231884058,,1.0,0.0,0.4927536231884058,,0.0,1.0,,0.5072463768115942,0.5597141675374433,0.8157102157102157,0.2310299548278844,0.25439247450137037,0.008656665079823175,0.17014500668630805
tcga,0,transformer_recalibrated,0.6983193277310924,0.7125258310970547,0.2396393389025172,0.6723393452859675,0.6086956521739131,0.08447384699528834,0.1046828608501943,0.14549362169437455,0.13362473754159138,6.368484503424084,1.0,0.0,0.4927536231884058,,1.0,0.0,0.4927536231884058,,0.6764705882352942,0.5428571428571428,0.5897435897435898,0.6333333333333333,0.5597141675374433,0.818495295554119,0.23268566732302715,0.24726003134812258,0.01670569819328632,0.19844263137440846
tcga,1,random_forest,0.7176470588235294,0.6553195258454974,0.21289510869565212,0.6122963432208056,0.6811594202898551,0.07050724637681158,0.1277536231884058,0.18898550724637686,0.18057135269041302,1.124431294091302,1.0,0.05714285714285714,0.5074626865671642,1.0,0.9705882352941176,0.17142857142857143,0.532258064516129,0.8571428571428571,0.6764705882352942,0.6857142857142857,0.6764705882352942,0.6857142857142857,0.5882789531728411,0.8361624408499407,0.17779516983695648,0.24903129302536225,0.06492119565217391,0.20945923913043477
tcga,1,extra_trees,0.6932773109243696,0.6699616414685845,0.21898119488625853,0.6266207178101122,0.6376811594202898,0.0660852278219973,0.11382421541903756,0.09977265415669653,0.03688437143453701,1.059669233148083,1.0,0.02857142857142857,0.5,1.0,0.9705882352941176,0.17142857142857143,0.532258064516129,0.8571428571428571,0.7941176470588235,0.4857142857142857,0.6,0.7083333333333334,0.5690082838520338,0.8097945922641043,0.18630792119778292,0.2527394250989386,0.06280531025229001,0.20246010349620525
tcga,1,hist_gradient_boosting,0.6613445378151261,0.6632418806256082,0.24392441287207878,0.7031649986044688,0.6231884057971014,0.13443781888876463,0.1409594071139758,0.12485259951070103,0.07818996923661496,0.4523072778238381,0.9411764705882353,0.08571428571428572,0.5,0.6,0.8529411764705882,0.2,0.5087719298245614,0.5833333333333334,0.5588235294117647,0.6857142857142857,0.6333333333333333,0.6153846153846154,0.5293709150326797,0.7988723776223775,0.18413734827313027,0.3018021747804615,0.11284725965235495,0.27646276223714944
tcga,1,calibrated_logistic_regression,0.7378151260504201,0.7632067449139616,0.2116194453145928,0.6124553828615517,0.6521739130434783,0.09375999246446783,0.16457583056695246,0.15247892914082992,0.031046452827362316,1.5808512393414096,1.0,0.0,0.4927536231884058,,0.9705882352941176,0.11428571428571428,0.515625,0.8,0.6764705882352942,0.6285714285714286,0.6388888888888888,0.6666666666666666,0.6119271496477379,0.8488302933615435,0.18625359084152088,0.24088628907739418,0.07801307961103189,0.22012113505783054
tcga,1,encoder_mc_confidence,0.680672268907563,0.6849070890893092,0.23030883457604026,0.6528844225458643,0.6231884057971014,0.044285618740579354,0.045760510624318886,0.18921490683071857,-0.11158843742388413,1.867917959129439,1.0,0.0,0.4927536231884058,,1.0,0.0,0.4927536231884058,,0.8823529411764706,0.37142857142857144,0.5769230769230769,0.7647058823529411,0.5491646112285646,0.8,0.21048473908499024,0.2508217061141614,0.022115509687126545,0.16099990141996437
tcga,1,encoder_nars_confidence,0.680672268907563,0.6849070890893092,0.2303088313593906,0.6528844158131882,0.6231884057971014,0.04428562133208565,0.04576051321582518,0.18921491287756656,-0.11158845748347354,1.8679183429570136,1.0,0.0,0.4927536231884058,,1.0,0.0,0.4927536231884058,,0.8823529411764706,0.37142857142857144,0.5769230769230769,0.7647058823529411,0.5491646112285646,0.8,0.21048473753232264,0.25082170523936037,0.022115514837745306,0.16099989724116046
tcga,1,deterministic,0.7184873949579832,0.7588706820404364,0.22499941998301173,0.6407413297730848,0.6231884057971014,0.018469612451567165,0.018469612451567165,0.1517643451258756,0.011292016603543653,1.2736844370014655,1.0,0.0,0.4927536231884058,,1.0,0.0,0.4927536231884058,,0.8823529411764706,0.37142857142857144,0.5769230769230769,0.7647058823529411,0.5956503549695741,0.8275305466616442,0.19792197918171595,0.25273708983590754,0.01736752504779809,0.14526850268568675
tcga,1,mean_logit,0.6831932773109244,0.6870482373599406,0.22980651444357267,0.651769195007094,0.6231884057971014,0.042517748806605755,0.043988089627012186,0.18754406359175563,-0.09872103363486368,1.811553774257177,1.0,0.0,0.4927536231884058,,1.0,0.0,0.4927536231884058,,0.8823529411764706,0.37142857142857144,0.5769230769230769,0.7647058823529411,0.5525384436160298,0.8008613445378151,0.20921563741651245,0.2509515838680028,0.02168324384770202,0.15898662528962484
tcga,1,transformer_recalibrated,0.6823529411764706,0.6868351086301878,0.22633975804840312,0.6438560356843837,0.6231884057971014,0.025782091650866267,0.033630817462970065,0.1758438740855144,-0.04855740546730306,1.2282059056819379,1.0,0.0,0.4927536231884058,,1.0,0.0,0.4927536231884058,,0.8823529411764706,0.37142857142857144,0.5769230769230769,0.7647058823529411,0.5525384436160298,0.8008613445378151,0.19828987841826523,0.2556076242647367,0.02748559715210483,0.15704624421821797
tcga,2,random_forest,0.7067226890756302,0.6794073886791996,0.2163557971014493,0.6205333707643769,0.6231884057971014,0.0678260869565217,0.15565217391304348,0.157536231884058,0.11125883918727995,1.0856600273416683,1.0,0.0,0.4927536231884058,,0.9705882352941176,0.14285714285714285,0.5238095238095238,0.8333333333333334,0.6176470588235294,0.6285714285714286,0.6176470588235294,0.6285714285714286,0.5810086812357611,0.8241443692241562,0.180840009057971,0.2511748188405797,0.06644021739130436,0.21551086956521734
tcga,2,extra_trees,0.6957983193277311,0.6627327137636915,0.2195296223779913,0.6285884748727558,0.6376811594202898,0.0780612093935826,0.06746603233946749,0.15490218544181591,0.033509678061531545,1.0477906326865534,1.0,0.05714285714285714,0.5074626865671642,1.0,0.9705882352941176,0.2,0.5409836065573771,0.875,0.7941176470588235,0.4857142857142857,0.6,0.7083333333333334,0.5666574627512128,0.8129413734855545,0.18650760754621626,0.25436574771581266,0.06506280041447064,0.21250511958070928
tcga,2,hist_gradient_boosting,0.6613445378151261,0.6632418806256082,0.24392441287207878,0.7031649986044688,0.6231884057971014,0.13443781888876463,0.1409594071139758,0.12485259951070103,0.07818996923661496,0.4523072778238381,0.9411764705882353,0.08571428571428572,0.5,0.6,0.8529411764705882,0.2,0.5087719298245614,0.5833333333333334,0.5588235294117647,0.6857142857142857,0.6333333333333333,0.6153846153846154,0.5294512432012431,0.785735294117647,0.18425572343496835,0.30253494751026666,0.10933413306600445,0.28176503260968794
tcga,2,calibrated_logistic_regression,0.7378151260504201,0.7632067449139616,0.2116194453145928,0.6124553828615517,0.6521739130434783,0.09375999246446783,0.16457583056695246,0.15247892914082992,0.031046452827362316,1.5808512393414096,1.0,0.0,0.4927536231884058,,0.9705882352941176,0.11428571428571428,0.515625,0.8,0.6764705882352942,0.6285714285714286,0.6388888888888888,0.6666666666666666,0.6151260504201681,0.8539055281242781,0.1843353145071455,0.2402247612008077,0.0756997200666968,0.22269486144711523
tcga,2,encoder_mc_confidence,0.6991596638655462,0.6446287606431873,0.21985318288985933,0.6299332767608136,0.6086956521739131,0.11902494383031044,0.10339119533697765,0.18690652281477832,-0.07304680764972168,1.14584262421012,1.0,0.0,0.4927536231884058,,1.0,0.08571428571428572,0.5151515151515151,1.0,0.7058823529411765,0.5142857142857142,0.5853658536585366,0.6428571428571429,0.568090909090909,0.8158958810000476,0.1901879004997375,0.25382969752005613,0.07270370654329873,0.24243821090330245
tcga,2,encoder_nars_confidence,0.7,0.6490405253490696,0.2198418637592306,0.6299186228185782,0.6086956521739131,0.11908462492452151,0.10343781092028687,0.18693027612955673,-0.07295237923254495,1.1444915217372678,1.0,0.0,0.4927536231884058,,1.0,0.08571428571428572,0.5151515151515151,1.0,0.7058823529411765,0.5142857142857142,0.5853658536585366,0.6428571428571429,0.5713980320445838,0.8171001683501683,0.19015330397575783,0.2538137577583301,0.07269789552235086,0.2425469685075939
tcga,2,deterministic,0.7058823529411764,0.6536250340022665,0.22069875492351718,0.6336940749750819,0.6376811594202898,0.07271528848703357,0.16503868673158728,0.11708064312520235,-0.09688517515485572,0.8199569094778753,1.0,0.05714285714285714,0.5074626865671642,1.0,0.9705882352941176,0.14285714285714285,0.5238095238095238,0.8333333333333334,0.7058823529411765,0.5714285714285714,0.6153846153846154,0.6666666666666666,0.5781717171717171,0.8179584040747029,0.18279582998653757,0.2653634618742093,0.07816142859882202,0.2186672876278559
tcga,2,mean_logit,0.7008403361344537,0.649794673162041,0.21987367446675252,0.6300340192756486,0.6086956521739131,0.13255655463396246,0.10785844008854904,0.18505939651545228,-0.07434933560791797,1.0953332427496487,1.0,0.0,0.4927536231884058,,1.0,0.11428571428571428,0.5230769230769231,1.0,0.7058823529411765,0.5142857142857142,0.5853658536585366,0.6428571428571429,0.5715273423894114,0.8173430735930736,0.18910785328913154,0.25483105828390185,0.08931186000145139,0.2626211787102997
tcga,2,transformer_recalibrated,0.7,0.6490405253490696,0.21943721978117003,0.6289951892963647,0.6086956521739131,0.1431809147885895,0.09707568253234328,0.18081966530594246,-0.05715677919184996,1.0163910301839714,1.0,0.0,0.4927536231884058,,0.9705882352941176,0.11428571428571428,0.515625,0.8,0.6764705882352942,0.5428571428571428,0.5897435897435898,0.6333333333333333,0.5713980320445838,0.8171001683501683,0.1873054085899352,0.2564651789209577,0.09663359475689476,0.27096264297840106
tcga,3,random_forest,0.6878151260504202,0.6200272773346919,0.21869275362318838,0.622736126365026,0.6086956521739131,0.10492753623188404,0.13869565217391305,0.19304347826086954,0.16615896350294052,1.088831808273704,1.0,0.02857142857142857,0.5,1.0,1.0,0.2,0.5483870967741935,1.0,0.5588235294117647,0.6571428571428571,0.6129032258064516,0.6052631578947368,0.5648931623931623,0.81819234006734,0.18451824275362316,0.25012791666666667,0.07468115942028987,0.22676811594202895
tcga,3,extra_trees,0.7008403361344537,0.6976379003238852,0.2185215800797628,0.6259232178877773,0.6231884057971014,0.12236042478767428,0.10085078404276979,0.1310124798826541,0.04289817380045632,1.1021015822062954,1.0,0.05714285714285714,0.5074626865671642,1.0,0.9705882352941176,0.17142857142857143,0.532258064516129,0.8571428571428571,0.7647058823529411,0.4857142857142857,0.5909090909090909,0.68,0.5797885377214749,0.8272746697746697,0.1852956255316817,0.25044724504345833,0.0807438765286901,0.24084825188944406
tcga,3,hist_gradient_boosting,0.6613445378151261,0.6632418806256082,0.24392441287207878,0.7031649986044688,0.6231884057971014,0.13443781888876463,0.1409594071139758,0.12485259951070103,0.07818996923661496,0.4523072778238381,0.9411764705882353,0.08571428571428572,0.5,0.6,0.8529411764705882,0.2,0.5087719298245614,0.5833333333333334,0.5588235294117647,0.6857142857142857,0.6333333333333333,0.6153846153846154,0.5386650267038199,0.7888204856490614,0.18623317997018513,0.2990332584068172,0.11078466447584512,0.2709818922023812
tcga,3,calibrated_logistic_regression,0.7378151260504201,0.7632067449139616,0.2116194453145928,0.6124553828615517,0.6521739130434783,0.09375999246446783,0.16457583056695246,0.15247892914082992,0.031046452827362316,1.5808512393414096,1.0,0.0,0.4927536231884058,,0.9705882352941176,0.11428571428571428,0.515625,0.8,0.6764705882352942,0.6285714285714286,0.6388888888888888,0.6666666666666666,0.6207668606106107,0.855616554054054,0.18166204424438176,0.23800879230914776,0.07364838664709894,0.2244765221526121
tcga,3,encoder_mc_confidence,0.6823529411764706,0.6563693377859375,0.234483649240798,0.6618098322952426,0.6086956521739131,0.04533473736997964,0.06752049922943115,0.14047893406688303,-0.26900541730506666,2.456519049347801,1.0,0.0,0.4927536231884058,,1.0,0.0,0.4927536231884058,,0.7058823529411765,0.5142857142857142,0.5853658536585366,0.6428571428571429,0.555489417989418,0.8114633402995471,0.21797841224005823,0.2497190379079491,0.03257991034483564,0.17724703044995016
tcga,3,encoder_nars_confidence,0.6823529411764706,0.6563693377859375,0.23448365496840803,0.6618098438137104,0.6086956521739131,0.04533454127933668,0.06752027376838353,0.1404790506846663,-0.26900691450351755,2.4565108265982696,1.0,0.0,0.4927536231884058,,1.0,0.0,0.4927536231884058,,0.7058823529411765,0.5142857142857142,0.5853658536585366,0.6428571428571429,0.555489417989418,0.8114633402995471,0.21797833816362883,0.24971910697550045,0.03258011763294538,0.1772468754130861
tcga,3,deterministic,0.6722689075630253,0.6782852745752594,0.23152800308516422,0.6554063772116882,0.6086956521739131,0.08251742046812306,0.10551044517669125,0.16217642461044202,-0.24889826847279906,1.477803091004237,1.0,0.0,0.4927536231884058,,1.0,0.0,0.4927536231884058,,0.6764705882352942,0.5428571428571428,0.5897435897435898,0.6333333333333333,0.5445899117222647,0.7991456582633052,0.20661064695247625,0.25523042534692725,0.04431616074365119,0.20510209575295443
tcga,3,mean_logit,0.6848739495798318,0.6725567016203602,0.23431411468432264,0.6614524966759102,0.5942028985507246,0.04532994683882754,0.06635029238007079,0.14078176898197997,-0.26524412665773006,2.377444135747256,1.0,0.0,0.4927536231884058,,1.0,0.0,0.4927536231884058,,0.6764705882352942,0.5142857142857142,0.575,0.6206896551724138,0.5605555555555556,0.8141014919691701,0.21741064813761593,0.2499681173009361,0.030112010234083945,0.17543674008218224
tcga,3,transformer_recalibrated,0.6840336134453782,0.6717874708511294,0.2279767965447485,0.6474786979229068,0.5942028985507246,0.11022840513315002,0.09571143764490246,0.13351900012488394,0.02781666753645995,1.4048659966937866,1.0,0.0,0.4927536231884058,,1.0,0.0,0.4927536231884058,,0.6470588235294118,0.5428571428571428,0.5789473684210527,0.6129032258064516,0.5555555555555556,0.8129310344827585,0.20232984919189256,0.25263509822190294,0.06766426515289298,0.23317333268966603
tcga,4,random_forest,0.7596638655462185,0.7057740890152836,0.20984977931268564,0.6088201496478028,0.7101449275362319,0.1053406793749615,0.12234912988739262,0.163557534020791,0.02450682779218666,1.6299301641822177,1.0,0.0,0.4927536231884058,,0.9705882352941176,0.08571428571428572,0.5076923076923077,0.75,0.8529411764705882,0.5714285714285714,0.6590909090909091,0.8,0.6435412056219982,0.8676890678485669,0.18264575667557775,0.23895012545106672,0.06069538413387792,0.21780019721130967
tcga,4,extra_trees,0.6932773109243697,0.6767176639920881,0.21964155376771707,0.6283669066472665,0.6376811594202898,0.08843755545940174,0.10281383254054337,0.12967798665862063,0.03384732365000126,1.0588653452726327,1.0,0.05714285714285714,0.5074626865671642,1.0,0.9705882352941176,0.17142857142857143,0.532258064516129,0.8571428571428571,0.7941176470588235,0.4857142857142857,0.6,0.7083333333333334,0.5635747071880879,0.8059443533510965,0.18776330488677964,0.25303723503247694,0.07029415247325084,0.22301848433104143
tcga,4,hist_gradient_boosting,0.6613445378151261,0.6632418806256082,0.24392441287207878,0.7031649986044688,0.6231884057971014,0.13443781888876463,0.1409594071139758,0.12485259951070103,0.07818996923661496,0.4523072778238381,0.9411764705882353,0.08571428571428572,0.5,0.6,0.8529411764705882,0.2,0.5087719298245614,0.5833333333333334,0.5588235294117647,0.6857142857142857,0.6333333333333333,0.6153846153846154,0.5295583225270725,0.790461012564671,0.1903245721110468,0.2989419536016993,0.10747314146487345,0.2756353629984364
tcga,4,calibrated_logistic_regression,0.7378151260504201,0.7632067449139616,0.2116194453145928,0.6124553828615517,0.6521739130434783,0.09375999246446783,0.16457583056695246,0.15247892914082992,0.031046452827362316,1.5808512393414096,1.0,0.0,0.4927536231884058,,0.9705882352941176,0.11428571428571428,0.515625,0.8,0.6764705882352942,0.6285714285714286,0.6388888888888888,0.6666666666666666,0.614928526757795,0.8535384331116039,0.18409063951474633,0.23982690431050965,0.07736889507898233,0.21762770109903457
tcga,4,encoder_mc_confidence,0.696638655462185,0.6739313937030698,0.21989890337225965,0.6299809275149094,0.6086956521739131,0.06502447136934253,0.08064526794613272,0.14009162913198056,0.2158033793062636,1.1304788932190257,1.0,0.0,0.4927536231884058,,0.9411764705882353,0.2857142857142857,0.5614035087719298,0.8333333333333334,0.6176470588235294,0.6,0.6,0.6176470588235294,0.5680336205428117,0.8159945773181067,0.18852558459989113,0.2530704983586715,0.060202126415527385,0.1990336653115093
tcga,4,encoder_nars_confidence,0.696638655462185,0.6739313937030698,0.2199230510317494,0.6300335773198179,0.6086956521739131,0.06498665740524513,0.08064720164174619,0.13998063362163046,0.21513920191696947,1.1285231526799746,1.0,0.0,0.4927536231884058,,0.9411764705882353,0.2857142857142857,0.5614035087719298,0.8333333333333334,0.6176470588235294,0.6,0.6,0.6176470588235294,0.5680336205428117,0.8159945773181067,0.18855811378171838,0.25314716302499196,0.060037670111742575,0.19902653448499633
tcga,4,deterministic,0.7134453781512605,0.691798299231849,0.21838479670697947,0.6292702449941668,0.6086956521739131,0.09900587667589603,0.0881005901357402,0.08403733243112979,0.26035966146495726,0.8645528654328419,0.9411764705882353,0.2571428571428571,0.5517241379310345,0.8181818181818182,0.9411764705882353,0.2857142857142857,0.5614035087719298,0.8333333333333334,0.5588235294117647,0.6571428571428571,0.6129032258064516,0.6052631578947368,0.5872985347985348,0.8297008547008546,0.17912464877997233,0.2590787912573379,0.06713311529407899,0.22027993143900576
tcga,4,mean_logit,0.7008403361344538,0.677955805891997,0.2196943888235761,0.6295784277315588,0.6086956521739131,0.05718380757313817,0.07037885254065403,0.09641751537332816,0.21591959441589997,1.092039991024321,1.0,0.0,0.4927536231884058,,0.9411764705882353,0.2857142857142857,0.5614035087719298,0.8333333333333334,0.6176470588235294,0.6,0.6,0.6176470588235294,0.5734704675789235,0.8185066290029526,0.18753690134929057,0.25382325516171955,0.0560902630069309,0.1999295300762389
tcga,4,transformer_recalibrated,0.7000000000000001,0.6772555257799522,0.21730707764701568,0.6247809543633658,0.6666666666666666,0.07853093835739441,0.09761615838862266,0.0859717807524349,-0.010148771569939487,0.9579989255761039,1.0,0.0,0.4927536231884058,,0.9411764705882353,0.2857142857142857,0.5614035087719298,0.8333333333333334,0.8529411764705882,0.4857142857142857,0.6170212765957447,0.7727272727272727,0.5730762761185555,0.8168468586759028,0.18086240508380363,0.2540049903032305,0.0610709037666496,0.21063069287977076
