dataset,variant,auc_mean,auc_std,brier_mean,brier_std,accuracy_mean,accuracy_std,ece_mean,ece_std,runs
tcga,baseline,0.6929411764705883,0.008944745607216907,0.2294101511817011,0.009980136863944425,0.5884057971014494,0.04651248271269914,0.06911062086135374,0.03989594597327347,5
tcga,calibrated_logistic_regression,0.7378151260504201,0.0,0.2116194453145928,0.0,0.6521739130434783,0.0,0.09375999246446783,0.0,5
tcga,deterministic,0.7008403361344537,0.018420428753599116,0.22688360654887915,0.00833323814845345,0.6086956521739131,0.02711345932444886,0.07436487808607627,0.0332162316596603,5
tcga,encoder_mc_confidence,0.6914285714285715,0.009116775700917984,0.22953517084713618,0.009956641411104899,0.591304347826087,0.0474070354602786,0.06693607192972433,0.030543726167597533,5
tcga,encoder_nars_confidence,0.6915966386554622,0.009300816647554042,0.22953773751239565,0.009953559937217952,0.591304347826087,0.0474070354602786,0.06694040708783744,0.030569805656009984,5
tcga,extra_trees,0.6964705882352941,0.0034340868473449865,0.2192946698002137,0.0005306165946832898,0.6347826086956522,0.006481356456521107,0.08322338710028568,0.024318206549378028,5
tcga,flat_confidence,0.6929411764705883,0.008944745607216907,0.22941015116210628,0.009980136883980003,0.5884057971014494,0.04651248271269914,0.06911062089802657,0.03989594600604326,5
tcga,hist_gradient_boosting,0.6613445378151261,0.0,0.24392441287207878,0.0,0.6231884057971014,0.0,0.13443781888876463,0.0,5
tcga,mc_confidence_only,0.6921008403361345,0.009702152872182563,0.2295339818376599,0.010084936806122867,0.5971014492753624,0.051647912119436055,0.061217305821794396,0.017884350959804993,5
tcga,mean_logit,0.6934453781512605,0.008720891639744292,0.22935357594368527,0.009954558413433475,0.5884057971014494,0.04651248271269914,0.0677626682993405,0.03705883953612684,5
tcga,nars_gated,0.6921008403361345,0.009702152872182563,0.22954818646838498,0.010067543679775855,0.5971014492753624,0.051647912119436055,0.06124661449849478,0.01796256243994956,5
tcga,random_forest,0.7242857142857143,0.029891643402706995,0.2137696198489277,0.0036887153160177983,0.6666666666666667,0.04806702594717969,0.09135590652263667,0.020316645411084838,5
tcga,transformer_recalibrated,0.6929411764705883,0.008944745607216907,0.2261400381847709,0.008783416982846341,0.6202898550724638,0.027877368205320757,0.08843923938505771,0.04333369271775543,5
