repeat,dropout_seed,variant,auc,pr_auc,brier,log_loss,accuracy,ece,ece_15,ece_quantile_10,calibration_intercept,calibration_slope,sensitivity_0.1,specificity_0.1,ppv_0.1,npv_0.1,sensitivity_0.2,specificity_0.2,ppv_0.2,npv_0.2,sensitivity_0.5,specificity_0.5,ppv_0.5,npv_0.5
0,,baseline,0.8728569547065272,0.5019438754367919,0.05820499804404697,0.2051916104780386,0.9262565905096661,0.007541751242549187,0.008238329365110124,0.007256332194233191,0.14162327516086046,1.1041103928684384,0.7631366208569119,0.8053587927317524,0.271889400921659,0.9727517901980842,0.5715440582053355,0.9249307052663998,0.42033293697978596,0.9577453559754445,0.25464834276475345,0.9902217431475208,0.7126696832579186,0.9331060001451063
0,,mc_confidence_only,0.8727972640126237,0.5019059053872558,0.0582080906836544,0.20516470392906802,0.9261862917398945,0.007239972151816374,0.007622250870789956,0.006803756786561703,0.14378897125688875,1.0992694757060029,0.7631366208569119,0.8075916230366492,0.274179494626779,0.9728250788350955,0.570735650767987,0.9256236526024022,0.4222488038277512,0.9576993547359197,0.253839935327405,0.9902217431475208,0.7120181405895691,0.9330383052814858
0,,nars_gated,0.8727978864390462,0.5019309067980817,0.05820803595239392,0.2051643571802076,0.9261862917398945,0.007326345415068935,0.007613509971319196,0.006807109185709224,0.1439458088919776,1.0993384800995827,0.7631366208569119,0.8075916230366492,0.274179494626779,0.9728250788350955,0.570735650767987,0.9256236526024022,0.4222488038277512,0.9576993547359197,0.253839935327405,0.9902217431475208,0.7120181405895691,0.9330383052814858
1,100002.0,baseline,0.87284867643511,0.5027078608454538,0.05817468151678838,0.20513537688338096,0.9262565905096661,0.007730439972191368,0.008274778273932125,0.007286563034452537,0.1414836962960198,1.1048973942514102,0.7679870654810024,0.8051278102864182,0.27291008330939387,0.9732874162323157,0.5763945028294261,0.9246997228210656,0.4216439976345358,0.958193713100367,0.2562651576394503,0.9900677548506314,0.7107623318385651,0.9332317294433559
1,100002.0,mc_confidence_only,0.8727960814024215,0.5025652333143388,0.058178068404188175,0.20510373072379037,0.926115992970123,0.007382314950604188,0.008269875964856474,0.007116552202103837,0.1437601847394085,1.1000763621918501,0.7647534357316087,0.8077456113335386,0.2747603833865815,0.973010573177518,0.5739692805173807,0.9259316291961811,0.4246411483253589,0.9580180036644627,0.25545675020210185,0.9899907607021866,0.7085201793721974,0.933159155236229
1,100002.0,nars_gated,0.8727961436450636,0.5025804959758833,0.05817800115489121,0.2051034565276088,0.926115992970123,0.0072722696752725,0.008018309800041486,0.007120159275716389,0.14392940028560697,1.1001511531274963,0.7647534357316087,0.8077456113335386,0.2747603833865815,0.973010573177518,0.5731608730800324,0.9259316291961811,0.42429682824655895,0.9579416918910307,0.25545675020210185,0.9899907607021866,0.7085201793721974,0.933159155236229
2,100003.0,baseline,0.8730569714373495,0.5037393431470597,0.05812656663250213,0.20497784597133784,0.9261862917398945,0.007696029907976308,0.0077994808691647065,0.006983778255243633,0.1465800739373258,1.106885633502183,0.767178658043654,0.8058977517708654,0.2734870317002882,0.9732217573221758,0.5723524656426839,0.9252386818601787,0.42167957117331745,0.95783516658696,0.25303152789005656,0.9902987372959655,0.7129840546697038,0.9329754823734223
2,100003.0,mc_confidence_only,0.8730156734442265,0.5036537776920771,0.05813011096012954,0.20494725260589802,0.9260456942003515,0.007097950852459269,0.0073426953846407374,0.006955606075536029,0.14885743702381787,1.1020744439924433,0.767178658043654,0.8078226054819834,0.27547169811320754,0.9732838589981447,0.5699272433306386,0.92623960578996,0.4239326518340349,0.9576500557236108,0.2514147130153597,0.9902987372959655,0.7116704805491991,0.9328401508558166
2,100003.0,nars_gated,0.8730164203559333,0.5036420719279219,0.058129798512879874,0.20494642373420244,0.9260456942003515,0.007212597941573365,0.007456410220819427,0.007099325857780237,0.14902466343561233,1.1021504448724135,0.767178658043654,0.8078226054819834,0.27547169811320754,0.9732838589981447,0.570735650767987,0.92623960578996,0.42427884615384615,0.9577262956770958,0.2514147130153597,0.9902987372959655,0.7116704805491991,0.9328401508558166
