variant,auc,pr_auc,brier,log_loss,accuracy,ece,ece_15,ece_quantile_10,calibration_intercept,calibration_slope,sensitivity_0.1,specificity_0.1,ppv_0.1,npv_0.1,sensitivity_0.2,specificity_0.2,ppv_0.2,npv_0.2,sensitivity_0.5,specificity_0.5,ppv_0.5,npv_0.5,auc_ci_95_lower,auc_ci_95_upper,brier_ci_95_lower,brier_ci_95_upper,ece_ci_95_lower,ece_ci_95_upper
random_forest,0.7235294117647059,0.7030546768415945,0.2143374159281609,0.6165428223808832,0.6521739130434783,0.05252238648767862,0.0894285695450393,0.15253041623247826,0.028384451932743787,1.4596795776314013,1.0,0.0,0.4927536231884058,,1.0,0.11428571428571428,0.5230769230769231,1.0,0.7647058823529411,0.5428571428571428,0.6190476190476191,0.7037037037037037,0.5898928571428571,0.8294657122108101,0.1875987192692379,0.24414265225517026,0.053491234172229396,0.18656436211378
extra_trees,0.6554621848739496,0.6331437806712813,0.22431445386300938,0.6376887622126057,0.5942028985507246,0.07049192624184274,0.07828966188220923,0.08868501283458936,-0.037517280483681484,1.1649084014638431,1.0,0.0,0.4927536231884058,,1.0,0.11428571428571428,0.5230769230769231,1.0,0.7647058823529411,0.42857142857142855,0.5652173913043478,0.6521739130434783,0.5229153804599476,0.7734461562402739,0.19565979714490864,0.2548993930716889,0.060392871442920285,0.20328765604807292
hist_gradient_boosting,0.6411764705882353,0.6770534234423324,0.25037632341284166,0.7255165956245564,0.6521739130434783,0.15580697157049644,0.22131222792473088,0.16647760533678652,0.036978033463135364,0.38377604592796966,0.9117647058823529,0.05714285714285714,0.484375,0.4,0.8529411764705882,0.2,0.5087719298245614,0.5833333333333334,0.6176470588235294,0.6857142857142857,0.65625,0.6486486486486487,0.5033955857385399,0.7728116837951396,0.18944120593024505,0.31182174527238454,0.12060373439209106,0.29886452095638655
calibrated_logistic_regression,0.7201680672268908,0.7551897679084709,0.2142106341505625,0.6170510459221394,0.6231884057971014,0.15341259481665795,0.14546192158902982,0.15047025481000847,-0.022006905198575517,1.38931408676408,1.0,0.0,0.4927536231884058,,1.0,0.08571428571428572,0.5151515151515151,1.0,0.6764705882352942,0.5714285714285714,0.6052631578947368,0.6451612903225806,0.5890906464453354,0.8351031974092318,0.18601127948319687,0.24467856688896225,0.10432214860293886,0.2661889302872427
deterministic,0.7512605042016807,0.7652243014542878,0.2489249728929476,0.6909970250842085,0.6086956521739131,0.10580257229183031,0.009637297063634016,0.19402371800464133,-1.155975097552567,115.82679008115991,1.0,0.0,0.4927536231884058,,1.0,0.0,0.4927536231884058,,0.9705882352941176,0.2571428571428571,0.559322033898305,0.9,0.6340831918505941,0.8555675287356321,0.24817698568330654,0.2497045124061327,0.047663052574447966,0.22158384418142016
mean_logit,0.6310924369747899,0.6371808690127989,0.246027934399973,0.6851829968436292,0.5217391304347826,0.011773296439756933,0.03465604686758187,0.186941527064129,-0.1637894368728238,8.255957398409977,1.0,0.0,0.4927536231884058,,1.0,0.0,0.4927536231884058,,0.5,0.5428571428571428,0.5151515151515151,0.5277777777777778,0.49557285307285304,0.7685555555555555,0.24194092042078078,0.2498065150392148,0.01080364284902857,0.1618461285140086
baseline,0.6302521008403361,0.6358328297971126,0.24605884276758294,0.6852454174502797,0.5217391304347826,0.011707335860362138,0.03465572142849608,0.18700133773726682,-0.16264347057797662,8.301292584239135,1.0,0.0,0.4927536231884058,,1.0,0.0,0.4927536231884058,,0.5,0.5428571428571428,0.5151515151515151,0.5277777777777778,0.49407911237489727,0.767689393939394,0.24200156306911969,0.24981585881259227,0.010755703383175703,0.16177593005660126
flat_confidence,0.6302521008403361,0.6358328297971126,0.2460588423455674,0.6852454166044336,0.5217391304347826,0.011707337560219322,0.034655723311175404,0.18700133829147011,-0.16264355699689317,8.301294668351154,1.0,0.0,0.4927536231884058,,1.0,0.0,0.4927536231884058,,0.5,0.5428571428571428,0.5151515151515151,0.5277777777777778,0.49407911237489727,0.767689393939394,0.24200156231871978,0.2498158587281025,0.010755705261701555,0.1617759295255973
mc_confidence_only,0.6302521008403361,0.6358328297971126,0.2460567148818767,0.6852411711972286,0.5217391304347826,0.011708662347885531,0.034656753069712415,0.18700122215170226,-0.16272458580522722,8.304425516222857,1.0,0.0,0.4927536231884058,,1.0,0.0,0.4927536231884058,,0.5,0.5428571428571428,0.5151515151515151,0.5277777777777778,0.49407911237489727,0.767689393939394,0.24199793741611994,0.24981342982320193,0.010758637747807229,0.16177561172542645
nars_gated,0.6302521008403361,0.6358328297971126,0.24605671494086281,0.6852411713152589,0.5217391304347826,0.01170866199326884,0.03465675284643058,0.18700122278798767,-0.16272457633406417,8.304425679774331,1.0,0.0,0.4927536231884058,,1.0,0.0,0.4927536231884058,,0.5,0.5428571428571428,0.5151515151515151,0.5277777777777778,0.49407911237489727,0.767689393939394,0.24199793762848582,0.2498134301601207,0.010758637612385914,0.16177561185825956
