dataset,seed,comparison,multiplicity_family_size,auc_delta_left_minus_right,auc_bootstrap_mean_delta,auc_delta_ci_95_lower,auc_delta_ci_95_upper,auc_delta_family_95_lower,auc_delta_family_95_upper,brier_delta_left_minus_right,brier_bootstrap_mean_delta,brier_delta_ci_95_lower,brier_delta_ci_95_upper,brier_delta_family_95_lower,brier_delta_family_95_upper,ece_delta_left_minus_right,ece_bootstrap_mean_delta,ece_delta_ci_95_lower,ece_delta_ci_95_upper,ece_delta_family_95_lower,ece_delta_family_95_upper,log_loss_delta_left_minus_right,log_loss_bootstrap_mean_delta,log_loss_delta_ci_95_lower,log_loss_delta_ci_95_upper,log_loss_delta_family_95_lower,log_loss_delta_family_95_upper
tcga,0,baseline_vs_nars_gated,44,0.0,6.661338147750939e-19,0.0,0.0,-1.1102230246251565e-16,1.1102230246251565e-16,8.004114317172739e-07,8.78888799432681e-07,-2.238866387574423e-06,4.063618957176468e-06,-3.788518945126005e-06,5.787550380003784e-06,-1.0772938122474707e-06,7.921491085666494e-07,-3.942742576747149e-06,5.710164447464937e-06,-6.401394022539126e-06,7.684493186054502e-06,1.6670109428407187e-06,1.8236636081304659e-06,-4.45212607304013e-06,8.23268597561766e-06,-7.566968388790697e-06,1.1709676128266486e-05
tcga,0,calibrated_logistic_regression_vs_nars_gated,44,0.11932773109243688,0.11700478336552637,-0.06128171890056441,0.2928794709734488,-0.1675149061842032,0.3739635999027707,-0.030683589534122646,-0.030579348088449705,-0.058777467198047204,0.0007253921380479312,-0.07451707234657486,0.021496573484869757,0.1157601014008561,0.08694825418907919,-0.021119363675637985,0.19044266941766433,-0.08183587698024805,0.25151238533712617,-0.06575231183058794,-0.0656425525825425,-0.12628239296640414,0.001932150225707948,-0.16149908827896145,0.047641757903206544
tcga,0,deterministic_vs_nars_gated,44,0.16050420168067214,0.15982260692045475,-0.015202778247836533,0.3342877678815178,-0.13031581730415018,0.42893317083490784,0.003835488588358582,0.00393034095506909,-0.0027720101442386407,0.011041203158743795,-0.007367455253480822,0.016240036613031004,-0.032203589257389295,-0.036649440182913065,-0.11885946222680098,0.00964217477186579,-0.16970807698922152,0.014701438659928314,0.007801445602116264,0.007989125598120445,-0.0054939433905147935,0.02230250183233458,-0.014747186491741799,0.03285047080561477
tcga,0,encoder_mc_confidence_vs_nars_gated,44,0.0,0.0,0.0,0.0,0.0,0.0,4.2674775979634205e-07,3.831069864029535e-07,-1.2486901000897943e-06,2.165877282984257e-06,-1.891466245137635e-06,3.3030121376925852e-06,-1.2658066377013721e-07,-3.6812581794616605e-07,-2.763390279501843e-06,2.4103583650186477e-06,-4.113945879558187e-06,3.56982966000984e-06,8.738736725355523e-07,7.852272235128188e-07,-2.5000404913988473e-06,4.376310796619376e-06,-3.803599054259999e-06,6.656213019837732e-06
tcga,0,encoder_nars_confidence_vs_nars_gated,44,0.0,0.0,0.0,0.0,0.0,0.0,4.2905967562179015e-07,3.8548144837019516e-07,-1.2480794912533844e-06,2.1659042153399084e-06,-1.8851622793645065e-06,3.3066926469012734e-06,-1.2787641691380802e-07,-3.67965144556396e-07,-2.756524060417917e-06,2.404862212091948e-06,-4.1159771198555666e-06,3.5709501919927646e-06,8.799205205578531e-07,7.9136909343136e-07,-2.4979140358677434e-06,4.377347399150965e-06,-3.789637804923524e-06,6.664711491695225e-06
tcga,0,extra_trees_vs_nars_gated,44,0.04621848739495793,0.04511767470483595,-0.14647950089126555,0.23516314048147668,-0.25360973499928147,0.35024292051531153,-0.01957250732249119,-0.01957277101508661,-0.04926476004638985,0.011081201963521862,-0.06134087921207465,0.02392409154741971,0.017570760653418643,0.03358707336566265,-0.05988148559417998,0.12546990373015673,-0.12792894988490178,0.18369905608776144,-0.04275624643227305,-0.042804054166685326,-0.10320024545168842,0.02229883041351363,-0.13109625187392182,0.050703721428565204
tcga,0,flat_confidence_vs_nars_gated,44,0.0,6.661338147750939e-19,0.0,0.0,-1.1102230246251565e-16,1.1102230246251565e-16,7.999020696647374e-07,8.783780588030033e-07,-2.2393537537947206e-06,4.063224190977571e-06,-3.7890257965328884e-06,5.787451472974137e-06,-1.0775918196925804e-06,7.920842656938439e-07,-3.943293224790978e-06,5.710914392961612e-06,-6.401848204534245e-06,7.684488765327378e-06,1.6659871441282448e-06,1.8226369955760546e-06,-4.453130029108409e-06,8.23191478999119e-06,-7.567989303021627e-06,1.1709475274356277e-05
tcga,0,hist_gradient_boosting_vs_nars_gated,44,0.04033613445378148,0.043578550905342704,-0.15977580426109847,0.22781116537142052,-0.23776076596343096,0.34806426645497435,0.005482099728156525,0.0030901288986484206,-0.05079490260668137,0.061296209113516055,-0.07985644416675983,0.11409334121572325,0.1181544781546946,0.11355569587399583,-0.003020629931001466,0.21888921339841594,-0.06216728746904395,0.27979743047228844,0.0427132378718289,0.0362867148626088,-0.10473845492078854,0.18778831128977816,-0.1684449585602171,0.33685159774127965
tcga,0,mc_confidence_only_vs_nars_gated,44,0.0,0.0,0.0,0.0,0.0,0.0,-8.511809312938823e-10,-8.338181659850453e-10,-4.351057768942068e-09,2.1477926707980082e-09,-6.823553241097372e-09,3.448725928066975e-09,-9.860766647662444e-10,-1.0161658077403185e-10,-4.499673814106764e-09,3.722126058758323e-09,-7.017362064624754e-09,5.795881946972531e-09,-1.7045709288510125e-09,-1.6697893646666628e-09,-8.72748547875446e-09,4.323628188807046e-09,-1.3688274820062245e-08,6.928374939735279e-09
tcga,0,mean_logit_vs_nars_gated,44,0.0025210084033613356,0.002556697044360271,0.0,0.008710801393728155,-1.1102230246251565e-16,0.01765990452654896,-4.164562074929212e-05,-4.581999341907192e-05,-0.0002090503654038886,0.00010543802194820717,-0.00032441129417325345,0.00021458529920988969,-0.0003473104988817241,-8.73664652274099e-05,-0.00048300732961866833,0.0003590741369534092,-0.0006203065082494375,0.00044059317215554397,-8.61188466347862e-05,-9.448304903584004e-05,-0.0004248629703359014,0.00021209772573883284,-0.0006581792721909659,0.000434587479055621
tcga,0,random_forest_vs_nars_gated,44,0.1067226890756302,0.1056943171416812,-0.0744117647058823,0.2853479590333039,-0.21324892655781252,0.37817370129870076,-0.030279989851676264,-0.030431590670709597,-0.056985365870978424,-0.00234163291637332,-0.06968011725847038,0.01238016531070513,0.05679432856202824,0.044398905686534956,-0.04561636685514618,0.14248133710074384,-0.12486174351406902,0.20822634766788875,-0.06626919994180014,-0.06663730789913044,-0.12261758303300974,-0.006367255149514218,-0.14883325535542768,0.024210500533792423
