threshold,random_forest_net_benefit,baseline_net_benefit,flat_confidence_net_benefit,nars_gated_net_benefit,treat_all_net_benefit,treat_none_net_benefit,mc_confidence_only_net_benefit
0.05,0.06049764129127741,0.05983535288132458,0.05983535288132458,0.05987235223383591,0.03890481904933327,0.0,0.05987235223383591
0.1,0.04684241359109548,0.04683460261667642,0.04683460261667642,0.046904901386447956,-0.014489357670148223,0.0,0.046904901386447956
0.15000000000000002,0.03848237361728522,0.03720872531789517,0.03720872531789517,0.037386539853199625,-0.07416520223898049,0.0,0.03739894551845342
0.2,0.03195079086115993,0.03254833040421792,0.03254833040421792,0.03261862917398946,-0.14130052737891674,0.0,0.03261862917398946
0.25,0.026807264206209727,0.02807264206209725,0.02807264206209725,0.028119507908611598,-0.21738722920417786,0.0,0.028119507908611598
0.3,0.022555862415264874,0.023519959829274417,0.023519959829274417,0.02375094150138087,-0.30434345986161915,0.0,0.02375094150138087
0.35000000000000003,0.018612951196430985,0.01865080438015411,0.01865080438015411,0.01871028795457618,-0.40467757215866684,0.0,0.01871028795457618
0.4,0.015700058582308142,0.016262448740480374,0.016262448740480374,0.01626244874048037,-0.5217340365052224,0.0,0.01626244874048037
0.45,0.012340629493529319,0.014673270490493688,0.014673270490493688,0.014634925706981945,-0.6600734943693334,0.0,0.01469244288224956
0.5,0.010333919156414762,0.012302284710017576,0.012302284710017576,0.012302284710017576,-0.8260808438062668,0.0,0.012302284710017576
0.55,0.008373364577231009,0.010185510642452645,0.010185510642452645,0.010115211872681114,-1.0289787153402967,0.0,0.010115211872681114
0.6000000000000001,0.006854130052724075,0.008471001757469242,0.008471001757469242,0.008189806678383125,-1.2826010547578341,0.0,0.008189806678383125
0.6500000000000001,0.005674114988701982,0.0075420537283454655,0.0075420537283454655,0.007401456188802407,-1.6086869197232394,0.0,0.007401456188802407
0.7000000000000001,0.0034212067955477444,0.0053427065026362035,0.0053427065026362035,0.005436438195664908,-2.043468073010445,0.0,0.005436438195664908
0.7500000000000001,0.001124780316344462,0.0037961335676625647,0.0037961335676625647,0.004007029876977152,-2.6521616876125353,0.0,0.004007029876977152
0.8,0.0007732864674868186,0.002601054481546573,0.002601054481546573,0.0027416520210896307,-3.565202109515668,0.0,0.0027416520210896307
0.8500000000000001,0.0010779144698301111,0.0016403046280023422,0.0016403046280023422,0.0016403046280023422,-5.086936146020893,0.0,0.0016403046280023422
0.9000000000000001,-7.029876977153004e-05,0.0007029876977152888,0.0007029876977152888,0.0007029876977152888,-8.130404219031346,0.0,0.0007029876977152888
0.9500000000000001,7.0298769771529e-05,0.0,0.0,0.0,-17.260808438062693,0.0,0.0
