condition,variant,auc,brier,brier_seed_std
WiDS KNN,baseline,0.8757211619257277,0.0578296606546987,0.0001088891861398
WiDS KNN,mc_confidence_only,0.8757107549559459,0.0578278808104492,0.0001118340939634
WiDS KNN,nars_gated,0.8757125475440424,0.0578276238528238,0.0001118100052039
WiDS KNN,hist_gradient_boosting,0.8732784245341574,0.0578638164825227,0.0001562805026992
WiDS KNN,transformer_recalibrated,0.8757211619257277,0.0577821406187317,0.0001445158960001
WiDS median,baseline,0.8740617481866853,0.0581572727227187,0.000215628150119
WiDS median,mc_confidence_only,0.8740202572413713,0.0581576644649866,0.0002105810670035
WiDS median,nars_gated,0.874021365160403,0.0581572229645584,0.0002104254037898
WiDS median,hist_gradient_boosting,0.8744508829616743,0.0577518520217936,6.127408036150446e-05
WiDS median,transformer_recalibrated,0.8740617481866853,0.0581057317963467,0.0001595214888378
"WiDS KNN, no APACHE",baseline,0.8411178006736646,0.0630059352518637,0.0004040253694874
"WiDS KNN, no APACHE",mc_confidence_only,0.8410565041195914,0.0630146906876821,0.0004121311314416
"WiDS KNN, no APACHE",nars_gated,0.841057101648957,0.0630145581457358,0.000412047480172
"WiDS KNN, no APACHE",hist_gradient_boosting,0.838121726192625,0.0630139310607397,9.76000545791892e-05
"WiDS KNN, no APACHE",transformer_recalibrated,0.8411178006736646,0.0630723882742947,0.0003220617748165
"WiDS median, no APACHE",baseline,0.8421760002828306,0.0630391953382761,0.0002572544747924
"WiDS median, no APACHE",mc_confidence_only,0.84210859150129,0.0630506322448649,0.0002633218491224
"WiDS median, no APACHE",nars_gated,0.8421093882071107,0.0630504112651489,0.0002629648854815
"WiDS median, no APACHE",hist_gradient_boosting,0.8423157287903841,0.0625182309271266,5.589162602305304e-05
"WiDS median, no APACHE",transformer_recalibrated,0.8421760002828306,0.0630213180588105,0.0001614564395842
TCGA fused,baseline,0.6929411764705883,0.229410151181701,0.0099801368639444
TCGA fused,mc_confidence_only,0.6921008403361345,0.2295339818376598,0.0100849368061228
TCGA fused,nars_gated,0.6921008403361345,0.2295481864683849,0.0100675436797758
TCGA fused,hist_gradient_boosting,0.6613445378151261,0.2439244128720787,0.0
TCGA fused,transformer_recalibrated,0.6929411764705883,0.2261400381847708,0.0087834169828463
TCGA clinical,baseline,0.7440336134453782,0.2125841071965703,0.0115228757091284
TCGA clinical,mc_confidence_only,0.7458823529411764,0.2127365200570755,0.0114627951835175
TCGA clinical,nars_gated,0.745546218487395,0.2127694656201855,0.0114561392797375
TCGA clinical,hist_gradient_boosting,0.6411764705882353,0.2503763234128416,0.0
TCGA clinical,transformer_recalibrated,0.7440336134453782,0.209059536746214,0.0097709550762985
TCGA genomic,baseline,0.6272268907563026,0.239276205219366,0.0014960801436873
TCGA genomic,mc_confidence_only,0.6260504201680672,0.2394003981570457,0.0014131488283531
TCGA genomic,nars_gated,0.6260504201680672,0.2393886859075311,0.001408722403779
TCGA genomic,hist_gradient_boosting,0.6214285714285714,0.2363092693881529,0.0
TCGA genomic,transformer_recalibrated,0.6272268907563026,0.2365382278440333,0.0013696943639729
