variant,auc_mean,auc_std,pr_auc_mean,pr_auc_std,brier_mean,brier_std,log_loss_mean,log_loss_std,ece_mean,ece_std,accuracy_mean,accuracy_std,auc_seed_mean_lower_95,auc_seed_mean_upper_95,pr_auc_seed_mean_lower_95,pr_auc_seed_mean_upper_95,brier_seed_mean_lower_95,brier_seed_mean_upper_95,log_loss_seed_mean_lower_95,log_loss_seed_mean_upper_95,ece_seed_mean_lower_95,ece_seed_mean_upper_95,accuracy_seed_mean_lower_95,accuracy_seed_mean_upper_95
baseline,0.7440336134453782,0.03204645840152678,0.7582162097600286,0.060505740508827004,0.21258410719657034,0.01152287570912844,0.6141254407422313,0.026014501669669926,0.1250791691647593,0.03037234649358594,0.6695652173913044,0.0346009750327922,0.7042426797782679,0.7838245471124885,0.683088410085559,0.8333440094344982,0.19827656727276888,0.2268916471203718,0.5818241705877905,0.6464267108966721,0.08736691998270332,0.1627914183468153,0.626602432390339,0.7125280023922698
calibrated_logistic_regression,0.7210084033613446,0.0,0.7568662207341169,0.0,0.21426449891149496,0.0,0.6171727330948837,0.0,0.1415940410765758,0.0,0.6231884057971014,0.0,0.7210084033613446,0.7210084033613446,0.7568662207341169,0.7568662207341169,0.21426449891149496,0.21426449891149496,0.6171727330948837,0.6171727330948837,0.1415940410765758,0.1415940410765758,0.6231884057971014,0.6231884057971014
deterministic,0.7376470588235294,0.0327914191472618,0.747923563509095,0.05545955590242996,0.21065348133486186,0.012724169601245089,0.6125008897054327,0.031779310526268305,0.10116253027665438,0.046394915783737625,0.6608695652173913,0.041753218234457795,0.6969311342183648,0.778362983428694,0.6790614295886785,0.8167856974295113,0.1948543380339571,0.22645262463576663,0.5730416639372274,0.651960115473638,0.043555633648291806,0.15876942690501694,0.6090260973265201,0.7127130331082624
extra_trees,0.632436974789916,0.009331137238649645,0.5889656729244095,0.009957048554775859,0.22932437028976013,0.0012170535250262291,0.6475227630978657,0.002592858975162544,0.10281723235736932,0.014124453192475966,0.5797101449275363,0.017749925672341838,0.6208508376183862,0.6440231119614458,0.5766023642055775,0.6013289816432414,0.2278131987438481,0.23083554183567218,0.6443033034559869,0.6507422227397446,0.0852794073339577,0.12035505738078095,0.5576707012493967,0.6017495886056758
flat_confidence,0.7440336134453782,0.03204645840152678,0.7582162097600286,0.060505740508827004,0.21258410722767734,0.011522875706087624,0.6141254408017784,0.026014501667375164,0.12507916922385034,0.03037234650539882,0.6695652173913044,0.0346009750327922,0.7042426797782679,0.7838245471124885,0.683088410085559,0.8333440094344982,0.19827656730765156,0.22689164714770313,0.5818241706501869,0.64642671095337,0.08736692002712672,0.16279141842057399,0.626602432390339,0.7125280023922698
hist_gradient_boosting,0.6411764705882353,0.0,0.6770534234423324,0.0,0.2503763234128416,0.0,0.7255165956245564,0.0,0.1558069715704964,0.0,0.6521739130434783,0.0,0.6411764705882353,0.6411764705882353,0.6770534234423324,0.6770534234423324,0.2503763234128416,0.2503763234128416,0.7255165956245564,0.7255165956245564,0.1558069715704964,0.1558069715704964,0.6521739130434783,0.6521739130434783
mc_confidence_only,0.7458823529411764,0.031792038394019416,0.7608672838474455,0.06123380866968052,0.21273652005707558,0.011462795183517506,0.6143742506518264,0.02579999827618323,0.11592843047194316,0.024076512442471824,0.6695652173913044,0.0346009750327922,0.7064073234378108,0.7853573824445421,0.6848354681494057,0.8368990995454854,0.19850357995891837,0.22696946015523278,0.5823393216385705,0.6464091796650823,0.08603349176982092,0.1458233691740654,0.626602432390339,0.7125280023922698
mean_logit,0.7426890756302521,0.03186303752135952,0.7553059284213707,0.05961053048225408,0.21277645476328133,0.0114807062834734,0.6147280914028265,0.02598903675768741,0.12451668628959156,0.013381466047688735,0.6695652173913044,0.0346009750327922,0.7031258890665643,0.78225226219394,0.6812896788077277,0.8293221780350136,0.19852127509714068,0.22703163442942198,0.5824584401128118,0.6469977426928412,0.10790140165499044,0.14113197092419266,0.626602432390339,0.7125280023922698
nars_gated,0.745546218487395,0.03150644197436083,0.7604674778226921,0.060862736012492064,0.21276946562018556,0.011456139279737538,0.6144802901000325,0.025803551338771564,0.11589960998533799,0.024182601601120485,0.6695652173913044,0.0346009750327922,0.7064258037763352,0.7846666331984548,0.6848964096838009,0.8360385459615832,0.19854478991812746,0.22699414132224366,0.5824409493768773,0.6465196308231876,0.08587294419432198,0.145926275776354,0.626602432390339,0.7125280023922698
random_forest,0.6978151260504202,0.012931350629694985,0.6659565279927295,0.016576819365073332,0.21493714271592385,0.0040312956304783334,0.6154773975573942,0.00809013348277876,0.08081007341673228,0.0282912435588841,0.663768115942029,0.018896238855659882,0.6817587335253783,0.713871518575462,0.645373688182391,0.686539367803068,0.20993162806544274,0.21994265736640495,0.6054321700711649,0.6255226250436234,0.045681854825251764,0.1159382920082128,0.6403053364534971,0.6872308954305609
transformer_recalibrated,0.7440336134453782,0.03204645840152678,0.7582162097600286,0.060505740508827004,0.20905953674621403,0.009770955076298557,0.6064794616123432,0.02276721292905288,0.09175583440846938,0.026343783039897272,0.6666666666666666,0.03398851999872049,0.7042426797782679,0.7838245471124885,0.683088410085559,0.8333440094344982,0.1969272935999078,0.22119177989252026,0.578210232978899,0.6347486902457875,0.059045707431338024,0.12446596138560073,0.6244643450320267,0.7088689883013065
