seed,scenario,mask_rate,variant,selective_risk_area,selective_risk_lower_95,selective_risk_upper_95,error_detection_auroc,error_detection_lower_95,error_detection_upper_95,error_detection_bootstrap_replicates,bootstrap_unit,iterations
2,random,0.0,baseline,0.018214118981670715,0.013303176412063316,0.021772005868671097,0.8429824314195687,0.8332190438567322,0.8550630157925251,1000,hospital,1000
2,random,0.0,mc_confidence_only,0.01821395084486012,0.013303171381045685,0.0217717937192227,0.842561971511091,0.8326360956715446,0.8547552405107351,1000,hospital,1000
2,random,0.0,nars_gated,0.01821395084486012,0.013303171381045685,0.0217717937192227,0.842561971511091,0.8326360956715446,0.8547552405107351,1000,hospital,1000
2,random,0.0,nars_imputed_rules,0.01821395084486012,0.013303171381045685,0.0217717937192227,0.842561971511091,0.8326360956715446,0.8547552405107351,1000,hospital,1000
2,random,0.1,baseline,0.01886957398266191,0.013783543871024184,0.02297318701159723,0.8415624940580647,0.8324193974760379,0.8560270196957716,1000,hospital,1000
2,random,0.1,mc_confidence_only,0.018866830593063648,0.01377418026869489,0.022970144691166445,0.8415998932968262,0.8325664812711677,0.8557304415440334,1000,hospital,1000
2,random,0.1,nars_gated,0.018866830593063648,0.01377418026869489,0.022970144691166445,0.8415998932968262,0.8325664812711677,0.8557304415440334,1000,hospital,1000
2,random,0.1,nars_imputed_rules,0.018866830593063648,0.01377418026869489,0.022970144691166445,0.8415998932968262,0.8325664812711677,0.8557304415440334,1000,hospital,1000
2,random,0.3,baseline,0.022273000445365745,0.016151269627836314,0.026980614238669907,0.8195463949520394,0.8072563121077048,0.8342225430408562,1000,hospital,1000
2,random,0.3,mc_confidence_only,0.022275967951699824,0.016151269627836314,0.026986658551290264,0.8197302155794066,0.8073865192070375,0.8342225430408562,1000,hospital,1000
2,random,0.3,nars_gated,0.022275967951699824,0.016151269627836314,0.026986658551290264,0.8197302155794066,0.8073865192070375,0.8342225430408562,1000,hospital,1000
2,random,0.3,nars_imputed_rules,0.022275967951699824,0.016151269627836314,0.026986658551290264,0.8197302155794066,0.8073865192070375,0.8342225430408562,1000,hospital,1000
2,random,0.5,baseline,0.028823318507782532,0.022181581323583492,0.03428412157005785,0.7777412763911703,0.7679068950629804,0.7898992137976131,1000,hospital,1000
2,random,0.5,mc_confidence_only,0.02882291796513813,0.022184202347611905,0.034283260246994414,0.7772388125081674,0.7671615948493905,0.7900271592923981,1000,hospital,1000
2,random,0.5,nars_gated,0.02882291796513813,0.022184202347611905,0.034283260246994414,0.7772388125081674,0.7671615948493905,0.7900271592923981,1000,hospital,1000
2,random,0.5,nars_imputed_rules,0.02882291796513813,0.022184202347611905,0.034283260246994414,0.7772388125081674,0.7671615948493905,0.7900271592923981,1000,hospital,1000
2,random,0.7,baseline,0.03947874145301308,0.029423601665837816,0.04714348569400775,0.7246714894056558,0.7044851584898507,0.7494240678965695,1000,hospital,1000
2,random,0.7,mc_confidence_only,0.03947874145301308,0.029423601665837816,0.04714348569400775,0.7246714894056558,0.7044851584898507,0.7494240678965695,1000,hospital,1000
2,random,0.7,nars_gated,0.03947874145301308,0.029423601665837816,0.04714348569400775,0.7246714894056558,0.7044851584898507,0.7494240678965695,1000,hospital,1000
2,random,0.7,nars_imputed_rules,0.03947874145301308,0.029423601665837816,0.04714348569400775,0.7246714894056558,0.7044851584898507,0.7494240678965695,1000,hospital,1000
2,feature_dependent,0.0,baseline,0.018214118981670715,0.013303176412063316,0.021772005868671097,0.8429824314195687,0.8332190438567322,0.8550630157925251,1000,hospital,1000
2,feature_dependent,0.0,mc_confidence_only,0.01821395084486012,0.013303171381045685,0.0217717937192227,0.842561971511091,0.8326360956715446,0.8547552405107351,1000,hospital,1000
2,feature_dependent,0.0,nars_gated,0.01821395084486012,0.013303171381045685,0.0217717937192227,0.842561971511091,0.8326360956715446,0.8547552405107351,1000,hospital,1000
2,feature_dependent,0.0,nars_imputed_rules,0.01821395084486012,0.013303171381045685,0.0217717937192227,0.842561971511091,0.8326360956715446,0.8547552405107351,1000,hospital,1000
2,feature_dependent,0.1,baseline,0.01946481363796898,0.014193415359601887,0.023768976575719546,0.8375465089071498,0.8280253836794238,0.852492276575664,1000,hospital,1000
2,feature_dependent,0.1,mc_confidence_only,0.019460875511524197,0.014184818764909757,0.023768795463484465,0.8373876904355256,0.8279646660471971,0.8521610948113767,1000,hospital,1000
2,feature_dependent,0.1,nars_gated,0.019460875511524197,0.014184818764909757,0.023768795463484465,0.8373876904355256,0.8279646660471971,0.8521610948113767,1000,hospital,1000
2,feature_dependent,0.1,nars_imputed_rules,0.019460875511524197,0.014184818764909757,0.023768795463484465,0.8373876904355256,0.8279646660471971,0.8521610948113767,1000,hospital,1000
2,feature_dependent,0.3,baseline,0.022494931085255312,0.016537012898950633,0.026726457510750933,0.8185826382720833,0.8099769822411368,0.829824796010589,1000,hospital,1000
2,feature_dependent,0.3,mc_confidence_only,0.022497161968238998,0.016535956205211443,0.026731829717073878,0.8187769798877201,0.8104764174889538,0.8296823727748842,1000,hospital,1000
2,feature_dependent,0.3,nars_gated,0.022497161968238998,0.016535956205211443,0.026731829717073878,0.8187769798877201,0.8104764174889538,0.8296823727748842,1000,hospital,1000
2,feature_dependent,0.3,nars_imputed_rules,0.022497161968238998,0.016535956205211443,0.026731829717073878,0.8187769798877201,0.8104764174889538,0.8296823727748842,1000,hospital,1000
2,feature_dependent,0.5,baseline,0.03041253955736363,0.023144592587400054,0.035945940265485574,0.7709175705888092,0.7621480871251521,0.7826508642360063,1000,hospital,1000
2,feature_dependent,0.5,mc_confidence_only,0.03040925580733632,0.023140339450011642,0.03594286013684423,0.7704493802175297,0.7619359732056281,0.7822838648047861,1000,hospital,1000
2,feature_dependent,0.5,nars_gated,0.03040925580733632,0.023140339450011642,0.03594286013684423,0.7704493802175297,0.7619359732056281,0.7822838648047861,1000,hospital,1000
2,feature_dependent,0.5,nars_imputed_rules,0.03040925580733632,0.023140339450011642,0.03594286013684423,0.7704493802175297,0.7619359732056281,0.7822838648047861,1000,hospital,1000
2,feature_dependent,0.7,baseline,0.042502744625378015,0.031514106488192514,0.051437756945435106,0.7096764800423545,0.6956846248712467,0.726752753867054,1000,hospital,1000
2,feature_dependent,0.7,mc_confidence_only,0.042501387454487616,0.0315123657679058,0.05143541495830389,0.709400860863485,0.6955488715100269,0.7264318634735731,1000,hospital,1000
2,feature_dependent,0.7,nars_gated,0.042501387454487616,0.0315123657679058,0.05143541495830389,0.709400860863485,0.6955488715100269,0.7264318634735731,1000,hospital,1000
2,feature_dependent,0.7,nars_imputed_rules,0.042501387454487616,0.0315123657679058,0.05143541495830389,0.709400860863485,0.6955488715100269,0.7264318634735731,1000,hospital,1000
2,outcome_dependent_simulation,0.0,baseline,0.018214118981670715,0.013303176412063316,0.021772005868671097,0.8429824314195687,0.8332190438567322,0.8550630157925251,1000,hospital,1000
2,outcome_dependent_simulation,0.0,mc_confidence_only,0.01821395084486012,0.013303171381045685,0.0217717937192227,0.842561971511091,0.8326360956715446,0.8547552405107351,1000,hospital,1000
2,outcome_dependent_simulation,0.0,nars_gated,0.01821395084486012,0.013303171381045685,0.0217717937192227,0.842561971511091,0.8326360956715446,0.8547552405107351,1000,hospital,1000
2,outcome_dependent_simulation,0.0,nars_imputed_rules,0.01821395084486012,0.013303171381045685,0.0217717937192227,0.842561971511091,0.8326360956715446,0.8547552405107351,1000,hospital,1000
2,outcome_dependent_simulation,0.1,baseline,0.020075625677506422,0.014692424207644078,0.02391715524021778,0.8348132064012482,0.8264461896476977,0.8474756975672767,1000,hospital,1000
2,outcome_dependent_simulation,0.1,mc_confidence_only,0.020075898249743273,0.014692424207644078,0.02391758642778234,0.8348094345388479,0.8262003781223041,0.8474756975672767,1000,hospital,1000
2,outcome_dependent_simulation,0.1,nars_gated,0.020075898249743273,0.014692424207644078,0.02391758642778234,0.8348094345388479,0.8262003781223041,0.8474756975672767,1000,hospital,1000
2,outcome_dependent_simulation,0.1,nars_imputed_rules,0.020075898249743273,0.014692424207644078,0.02391758642778234,0.8348094345388479,0.8262003781223041,0.8474756975672767,1000,hospital,1000
2,outcome_dependent_simulation,0.3,baseline,0.026353542954926666,0.01994790547510884,0.031245213294535223,0.8008907746800222,0.7900009878722659,0.8136668502001502,1000,hospital,1000
2,outcome_dependent_simulation,0.3,mc_confidence_only,0.026351761229715262,0.019943400694311147,0.031252074594504145,0.8004572004739625,0.789625239907502,0.8132695513212861,1000,hospital,1000
2,outcome_dependent_simulation,0.3,nars_gated,0.026351761229715262,0.019943400694311147,0.031252074594504145,0.8004572004739625,0.789625239907502,0.8132695513212861,1000,hospital,1000
2,outcome_dependent_simulation,0.3,nars_imputed_rules,0.026351761229715262,0.019943400694311147,0.031252074594504145,0.8004572004739625,0.789625239907502,0.8132695513212861,1000,hospital,1000
2,outcome_dependent_simulation,0.5,baseline,0.036156057822927794,0.026455264778765166,0.04250008540589092,0.7433019631136113,0.7278049813300811,0.7597951440742211,1000,hospital,1000
2,outcome_dependent_simulation,0.5,mc_confidence_only,0.03615520266273818,0.026455264778765166,0.042499313561097096,0.7430538974160602,0.727496784585992,0.7597850093225816,1000,hospital,1000
2,outcome_dependent_simulation,0.5,nars_gated,0.03615520266273818,0.026455264778765166,0.042499313561097096,0.7430538974160602,0.727496784585992,0.7597850093225816,1000,hospital,1000
2,outcome_dependent_simulation,0.5,nars_imputed_rules,0.03615520266273818,0.026455264778765166,0.042499313561097096,0.7430538974160602,0.727496784585992,0.7597850093225816,1000,hospital,1000
2,outcome_dependent_simulation,0.7,baseline,0.038904309812120584,0.028838559370255305,0.04585585838975671,0.6916508856207659,0.6704133295314825,0.7112550001932457,1000,hospital,1000
2,outcome_dependent_simulation,0.7,mc_confidence_only,0.038904309812120584,0.028838559370255305,0.04585585838975671,0.6916508856207659,0.6704133295314825,0.7112550001932457,1000,hospital,1000
2,outcome_dependent_simulation,0.7,nars_gated,0.038904309812120584,0.028838559370255305,0.04585585838975671,0.6916508856207659,0.6704133295314825,0.7112550001932457,1000,hospital,1000
2,outcome_dependent_simulation,0.7,nars_imputed_rules,0.038904309812120584,0.028838559370255305,0.04585585838975671,0.6916508856207659,0.6704133295314825,0.7112550001932457,1000,hospital,1000
