case_index,case_id,rule_id,rule_version,source,expert_review,source_column,raw_value,imputed_value,was_imputed,mapped,feature_index,neural_frequency,neural_confidence,symbolic_frequency,symbolic_confidence,revised_frequency,revised_confidence,attention_before,attention_after,rule_off_probability,nars_probability,symbolic_probability_delta
0,TCGA-DE-A0Y3,braf_mutation,ngta.rule.tcga.braf_mutation.v1,Prototype genomic probe. BRAF alteration is common in papillary thyroid carcinoma; this rule is not a metastasis probability.,not_reviewed,genomic_mutation__BRAF,1.0,1.0,False,True,5.0,0.008436793461441994,0.9986681949319346,0.85,0.75,0.01179025557645758,0.9986734948706967,0.008436793461441994,0.008446577609189878,0.5655799280914434,0.5655799307684568,2.6770133887410452e-09
2,TCGA-IM-A3U2,braf_mutation,ngta.rule.tcga.braf_mutation.v1,Prototype genomic probe. BRAF alteration is common in papillary thyroid carcinoma; this rule is not a metastasis probability.,not_reviewed,genomic_mutation__BRAF,1.0,1.0,False,True,5.0,0.008663962595164776,0.9982847193557194,0.85,0.75,0.012978543422092342,0.998293500731215,0.008663962595164776,0.008665215651138206,0.5592742215634902,0.5592742265590014,4.995511226901783e-09
5,TCGA-ET-A2N4,braf_mutation,ngta.rule.tcga.braf_mutation.v1,Prototype genomic probe. BRAF alteration is common in papillary thyroid carcinoma; this rule is not a metastasis probability.,not_reviewed,genomic_mutation__BRAF,1.0,1.0,False,True,5.0,0.0046711573377251625,0.9990516294438858,0.85,0.75,0.0070716591610717906,0.9990543200090626,0.0046711573377251625,0.004871680355831123,0.3635092826918824,0.3635092875602331,4.868350722553316e-09
6,TCGA-EL-A3T6,braf_mutation,ngta.rule.tcga.braf_mutation.v1,Prototype genomic probe. BRAF alteration is common in papillary thyroid carcinoma; this rule is not a metastasis probability.,not_reviewed,genomic_mutation__BRAF,1.0,1.0,False,True,5.0,0.008573240600526333,0.9976206571827995,0.85,0.75,0.014550922838466014,0.9976375206277748,0.008573240600526333,0.008561195641696195,0.5670875428919309,0.5670875501140302,7.22209936299123e-09
7,TCGA-DJ-A3UW,braf_mutation,ngta.rule.tcga.braf_mutation.v1,Prototype genomic probe. BRAF alteration is common in papillary thyroid carcinoma; this rule is not a metastasis probability.,not_reviewed,genomic_mutation__BRAF,1.0,1.0,False,True,5.0,0.00765812024474144,0.9987133860071472,0.85,0.75,0.010901081912797745,0.9987183330390855,0.00765812024474144,0.00766042191721407,0.5667663233220495,0.566766326053208,2.7311585215628043e-09
8,TCGA-DO-A1K0,braf_mutation,ngta.rule.tcga.braf_mutation.v1,Prototype genomic probe. BRAF alteration is common in papillary thyroid carcinoma; this rule is not a metastasis probability.,not_reviewed,genomic_mutation__BRAF,1.0,1.0,False,True,5.0,0.008269334211945534,0.9983822035682456,0.85,0.75,0.012341405250783113,0.998390017440366,0.008269334211945534,0.008268018380353985,0.5743569166385223,0.5743569194748455,2.836323176325095e-09
10,TCGA-E8-A419,braf_mutation,ngta.rule.tcga.braf_mutation.v1,Prototype genomic probe. BRAF alteration is common in papillary thyroid carcinoma; this rule is not a metastasis probability.,not_reviewed,genomic_mutation__BRAF,1.0,1.0,False,True,5.0,0.00792908389121294,0.9986301290070959,0.85,0.75,0.011380214250306428,0.9986357356057569,0.00792908389121294,0.00793442875780182,0.5587445106923774,0.5587445140936257,3.4012482830192425e-09
11,TCGA-ET-A25J,braf_mutation,ngta.rule.tcga.braf_mutation.v1,Prototype genomic probe. BRAF alteration is common in papillary thyroid carcinoma; this rule is not a metastasis probability.,not_reviewed,genomic_mutation__BRAF,1.0,1.0,False,True,5.0,0.00846139807254076,0.9988305095582306,0.85,0.75,0.011407022367626894,0.9988345983365493,0.00846139807254076,0.00846792464419488,0.5598344542785593,0.5598344573942662,3.1157069146914296e-09
14,TCGA-BJ-A0ZB,braf_mutation,ngta.rule.tcga.braf_mutation.v1,Prototype genomic probe. BRAF alteration is common in papillary thyroid carcinoma; this rule is not a metastasis probability.,not_reviewed,genomic_mutation__BRAF,1.0,1.0,False,True,5.0,0.008294778876006603,0.9978491517847723,0.85,0.75,0.01370265634660215,0.9978629412517558,0.008294778876006603,0.008290882386840519,0.5562640389281727,0.5562640458825375,6.95436486175538e-09
16,TCGA-BJ-A28X,braf_mutation,ngta.rule.tcga.braf_mutation.v1,Prototype genomic probe. BRAF alteration is common in papillary thyroid carcinoma; this rule is not a metastasis probability.,not_reviewed,genomic_mutation__BRAF,1.0,1.0,False,True,5.0,0.008541020564734936,0.9985242798882543,0.85,0.75,0.012255331814594383,0.9985307843415414,0.008541020564734936,0.008541227234531925,0.5685519129483977,0.5685519175153231,4.566925393412191e-09
17,TCGA-DJ-A1QO,braf_mutation,ngta.rule.tcga.braf_mutation.v1,Prototype genomic probe. BRAF alteration is common in papillary thyroid carcinoma; this rule is not a metastasis probability.,not_reviewed,genomic_mutation__BRAF,1.0,1.0,False,True,5.0,0.008171112276613712,0.998179150502403,0.85,0.75,0.012752957696572958,0.9981890429431445,0.008171112276613712,0.008170082658912564,0.5589824386234283,0.5589824451554177,6.531989393820936e-09
18,TCGA-EL-A3GV,braf_mutation,ngta.rule.tcga.braf_mutation.v1,Prototype genomic probe. BRAF alteration is common in papillary thyroid carcinoma; this rule is not a metastasis probability.,not_reviewed,genomic_mutation__BRAF,1.0,1.0,False,True,5.0,0.007584300823509693,0.9980418378482317,0.85,0.75,0.012513755096485639,0.9980532738645467,0.007584300823509693,0.007581688154500599,0.555326621985786,0.555326630022832,8.037046028697148e-09
21,TCGA-EM-A4FQ,braf_mutation,ngta.rule.tcga.braf_mutation.v1,Prototype genomic probe. BRAF alteration is common in papillary thyroid carcinoma; this rule is not a metastasis probability.,not_reviewed,genomic_mutation__BRAF,1.0,1.0,False,True,5.0,0.004543759394437075,0.9993004692841285,0.85,0.75,0.006315548380487954,0.9993019342394521,0.004543759394437075,0.004746711209690301,0.36466571169116896,0.3646657141349545,2.443785562800116e-09
22,TCGA-FY-A3NN,braf_mutation,ngta.rule.tcga.braf_mutation.v1,Prototype genomic probe. BRAF alteration is common in papillary thyroid carcinoma; this rule is not a metastasis probability.,not_reviewed,genomic_mutation__BRAF,1.0,1.0,False,True,5.0,0.008581296540796757,0.9988624175687548,0.85,0.75,0.011446327526097906,0.9988662866459358,0.008581296540796757,0.008590193499683083,0.5612593086261096,0.5612593110135718,2.3874622279151936e-09
23,TCGA-EM-A2P1,braf_mutation,ngta.rule.tcga.braf_mutation.v1,Prototype genomic probe. BRAF alteration is common in papillary thyroid carcinoma; this rule is not a metastasis probability.,not_reviewed,genomic_mutation__BRAF,1.0,1.0,False,True,5.0,0.008616955950856209,0.9979665840215481,0.85,0.75,0.013728812068342495,0.9979789131524173,0.008616955950856209,0.00861009102855312,0.5684990314430228,0.5684990386029685,7.159945636381337e-09
24,TCGA-MK-A4N7,braf_mutation,ngta.rule.tcga.braf_mutation.v1,Prototype genomic probe. BRAF alteration is common in papillary thyroid carcinoma; this rule is not a metastasis probability.,not_reviewed,genomic_mutation__BRAF,1.0,1.0,False,True,5.0,0.00797323603183031,0.9986184487546548,0.85,0.75,0.01145352899878768,0.9986241511716415,0.00797323603183031,0.007975586696170989,0.5682157396228934,0.5682157425966043,2.9737109441541065e-09
25,TCGA-L6-A4EP,braf_mutation,ngta.rule.tcga.braf_mutation.v1,Prototype genomic probe. BRAF alteration is common in papillary thyroid carcinoma; this rule is not a metastasis probability.,not_reviewed,genomic_mutation__BRAF,1.0,1.0,False,True,5.0,0.008626938797533512,0.9986210535888994,0.85,0.75,0.012097991096737626,0.9986267345672195,0.008626938797533512,0.008629176936504335,0.5583424221138025,0.5583424273104242,5.1966216885190875e-09
28,TCGA-E8-A242,braf_mutation,ngta.rule.tcga.braf_mutation.v1,Prototype genomic probe. BRAF alteration is common in papillary thyroid carcinoma; this rule is not a metastasis probability.,not_reviewed,genomic_mutation__BRAF,1.0,1.0,False,True,5.0,0.009164455346763134,0.9973987330720183,0.85,0.75,0.01569220757731414,0.997418875652227,0.009164455346763134,0.00914996996285543,0.5673474454944784,0.567347452301602,6.807123642538215e-09
30,TCGA-EL-A4K4,braf_mutation,ngta.rule.tcga.braf_mutation.v1,Prototype genomic probe. BRAF alteration is common in papillary thyroid carcinoma; this rule is not a metastasis probability.,not_reviewed,genomic_mutation__BRAF,1.0,1.0,False,True,5.0,0.00925900973379612,0.9981244568625339,0.85,0.75,0.013971869374721987,0.9981349508032002,0.00925900973379612,0.009253909790596059,0.5616759624766414,0.5616759668781185,4.401477071702686e-09
31,TCGA-EM-A3AR,braf_mutation,ngta.rule.tcga.braf_mutation.v1,Prototype genomic probe. BRAF alteration is common in papillary thyroid carcinoma; this rule is not a metastasis probability.,not_reviewed,genomic_mutation__BRAF,1.0,1.0,False,True,5.0,0.008822016417980194,0.99812792315873,0.85,0.75,0.013528643550021698,0.9981383784544777,0.008822016417980194,0.00881897598873995,0.5681472482348062,0.5681472532951268,5.060320606986579e-09
33,TCGA-EM-A22M,braf_mutation,ngta.rule.tcga.braf_mutation.v1,Prototype genomic probe. BRAF alteration is common in papillary thyroid carcinoma; this rule is not a metastasis probability.,not_reviewed,genomic_mutation__BRAF,1.0,1.0,False,True,5.0,0.008381020277738571,0.9980244254615327,0.85,0.75,0.01334943242296751,0.9980360651605249,0.008381020277738571,0.008373591772735124,0.5608404097981553,0.5608404176378965,7.839741189563654e-09
34,TCGA-GE-A2C6,braf_mutation,ngta.rule.tcga.braf_mutation.v1,Prototype genomic probe. BRAF alteration is common in papillary thyroid carcinoma; this rule is not a metastasis probability.,not_reviewed,genomic_mutation__BRAF,1.0,1.0,False,True,5.0,0.008718755096197128,0.9985785266232671,0.85,0.75,0.012296161396496334,0.998584562642826,0.008718755096197128,0.008724025935545394,0.5678841863357956,0.5678841897462205,3.4104248314292818e-09
36,TCGA-IM-A420,braf_mutation,ngta.rule.tcga.braf_mutation.v1,Prototype genomic probe. BRAF alteration is common in papillary thyroid carcinoma; this rule is not a metastasis probability.,not_reviewed,genomic_mutation__BRAF,1.0,1.0,False,True,5.0,0.00801100954413414,0.9978318000642489,0.85,0.75,0.013464163911265913,0.9978458121938376,0.00801100954413414,0.008001281707484192,0.5738611245633546,0.5738611292381851,4.674830522688467e-09
38,TCGA-DJ-A3V8,braf_mutation,ngta.rule.tcga.braf_mutation.v1,Prototype genomic probe. BRAF alteration is common in papillary thyroid carcinoma; this rule is not a metastasis probability.,not_reviewed,genomic_mutation__BRAF,1.0,1.0,False,True,5.0,0.008496944792568684,0.9975437149380347,0.85,0.75,0.014667545436510988,0.9975616825462487,0.008496944792568684,0.00848387494994932,0.5610657164445895,0.5610657202675039,3.822914429463253e-09
39,TCGA-FY-A40K,braf_mutation,ngta.rule.tcga.braf_mutation.v1,Prototype genomic probe. BRAF alteration is common in papillary thyroid carcinoma; this rule is not a metastasis probability.,not_reviewed,genomic_mutation__BRAF,1.0,1.0,False,True,5.0,0.007812195457518101,0.9983974017540644,0.85,0.75,0.011848324964306508,0.9984050698508428,0.007812195457518101,0.0078109079755227405,0.5674205307460212,0.5674205336061948,2.8601736534739075e-09
41,TCGA-EM-A2OX,braf_mutation,ngta.rule.tcga.braf_mutation.v1,Prototype genomic probe. BRAF alteration is common in papillary thyroid carcinoma; this rule is not a metastasis probability.,not_reviewed,genomic_mutation__BRAF,1.0,1.0,False,True,5.0,0.0087024150416255,0.9971259901948575,0.85,0.75,0.015914651489727063,0.9971505581661664,0.0087024150416255,0.008680583110502455,0.5594561086025773,0.559456119013579,1.041100161636166e-08
42,TCGA-FE-A237,braf_mutation,ngta.rule.tcga.braf_mutation.v1,Prototype genomic probe. BRAF alteration is common in papillary thyroid carcinoma; this rule is not a metastasis probability.,not_reviewed,genomic_mutation__BRAF,1.0,1.0,False,True,5.0,0.007629773113876581,0.99806436960446,0.85,0.75,0.01250246191116465,0.9980755447069403,0.007629773113876581,0.007625589919151048,0.5815487854235879,0.5815487882467019,2.82311396482271e-09
43,TCGA-EL-A3MW,braf_mutation,ngta.rule.tcga.braf_mutation.v1,Prototype genomic probe. BRAF alteration is common in papillary thyroid carcinoma; this rule is not a metastasis probability.,not_reviewed,genomic_mutation__BRAF,1.0,1.0,False,True,5.0,0.009486756287515163,0.997873634422984,0.85,0.75,0.01482576619910122,0.9978871127352278,0.009486756287515163,0.00947639104405481,0.5622645222317727,0.5622645298115926,7.579819882863603e-09
49,TCGA-E8-A433,braf_mutation,ngta.rule.tcga.braf_mutation.v1,Prototype genomic probe. BRAF alteration is common in papillary thyroid carcinoma; this rule is not a metastasis probability.,not_reviewed,genomic_mutation__BRAF,1.0,1.0,False,True,5.0,0.007984602823853493,0.9981744425263857,0.85,0.75,0.012579269670691267,0.9981843860492366,0.007984602823853493,0.007981033743723172,0.5662849389475784,0.5662849442813386,5.3337602112790705e-09
50,TCGA-E3-A3E5,braf_mutation,ngta.rule.tcga.braf_mutation.v1,Prototype genomic probe. BRAF alteration is common in papillary thyroid carcinoma; this rule is not a metastasis probability.,not_reviewed,genomic_mutation__BRAF,1.0,1.0,False,True,5.0,0.007790173403918743,0.9985698881769176,0.85,0.75,0.011393230546275371,0.9985759976248162,0.007790173403918743,0.007793879031831446,0.5630344829499596,0.5630344871099235,4.159963928884736e-09
51,TCGA-BJ-A0ZH,braf_mutation,ngta.rule.tcga.braf_mutation.v1,Prototype genomic probe. BRAF alteration is common in papillary thyroid carcinoma; this rule is not a metastasis probability.,not_reviewed,genomic_mutation__BRAF,1.0,1.0,False,True,5.0,0.008065166883170605,0.9974775174736525,0.85,0.75,0.014404482969637785,0.9974964628597238,0.008065166883170605,0.008053210087285469,0.5656684291549091,0.5656684435044493,1.43495402227245e-08
54,TCGA-E8-A436,braf_mutation,ngta.rule.tcga.braf_mutation.v1,Prototype genomic probe. BRAF alteration is common in papillary thyroid carcinoma; this rule is not a metastasis probability.,not_reviewed,genomic_mutation__BRAF,1.0,1.0,False,True,5.0,0.007801653817296028,0.9979866153477562,0.85,0.75,0.01286825943835123,0.997998703486809,0.007801653817296028,0.0077978452181657965,0.566737730772255,0.5667377337528986,2.980643620809076e-09
55,TCGA-ET-A3BO,braf_mutation,ngta.rule.tcga.braf_mutation.v1,Prototype genomic probe. BRAF alteration is common in papillary thyroid carcinoma; this rule is not a metastasis probability.,not_reviewed,genomic_mutation__BRAF,1.0,1.0,False,True,5.0,0.0073001510463654995,0.9979871528903023,0.85,0.75,0.012368425588764971,0.9979992345948908,0.0073001510463654995,0.0072980663838524105,0.5614641433784268,0.5614641483268136,4.948386811420846e-09
56,TCGA-E8-A418,braf_mutation,ngta.rule.tcga.braf_mutation.v1,Prototype genomic probe. BRAF alteration is common in papillary thyroid carcinoma; this rule is not a metastasis probability.,not_reviewed,genomic_mutation__BRAF,1.0,1.0,False,True,5.0,0.008689142763614655,0.9980502558703649,0.85,0.75,0.013591050547049897,0.9980615940571884,0.008689142763614655,0.008682408042442686,0.5583749979512206,0.5583750038298944,5.878673769998954e-09
59,TCGA-EL-A4JW,braf_mutation,ngta.rule.tcga.braf_mutation.v1,Prototype genomic probe. BRAF alteration is common in papillary thyroid carcinoma; this rule is not a metastasis probability.,not_reviewed,genomic_mutation__BRAF,1.0,1.0,False,True,5.0,0.00843820907175541,0.9984095983284116,0.85,0.75,0.012440741639893161,0.9984171504282261,0.00843820907175541,0.008439949029172245,0.5449366302660984,0.5449366357397456,5.473647202158816e-09
61,TCGA-DE-A0XZ,braf_mutation,ngta.rule.tcga.braf_mutation.v1,Prototype genomic probe. BRAF alteration is common in papillary thyroid carcinoma; this rule is not a metastasis probability.,not_reviewed,genomic_mutation__BRAF,1.0,1.0,False,True,5.0,0.00793179590255022,0.9987600045016173,0.85,0.75,0.011056528939986255,0.9987646001722925,0.00793179590255022,0.007942706949539914,0.5501475556274436,0.5501475590688785,3.441434914819297e-09
63,TCGA-DJ-A13O,braf_mutation,ngta.rule.tcga.braf_mutation.v1,Prototype genomic probe. BRAF alteration is common in papillary thyroid carcinoma; this rule is not a metastasis probability.,not_reviewed,genomic_mutation__BRAF,1.0,1.0,False,True,5.0,0.008180839009582996,0.9989366593693474,0.85,0.75,0.010860561646295007,0.9989400406628375,0.008180839009582996,0.008189097002327032,0.5544066409333044,0.5544066435806514,2.647347008277734e-09
66,TCGA-ET-A2MZ,braf_mutation,ngta.rule.tcga.braf_mutation.v1,Prototype genomic probe. BRAF alteration is common in papillary thyroid carcinoma; this rule is not a metastasis probability.,not_reviewed,genomic_mutation__BRAF,1.0,1.0,False,True,5.0,0.008773013018071651,0.998664267998481,0.85,0.75,0.012134993030648727,0.9986695991753499,0.008773013018071651,0.008779183803165806,0.5647750381393254,0.5647750406904191,2.5510936696448994e-09
67,TCGA-J8-A3NZ,braf_mutation,ngta.rule.tcga.braf_mutation.v1,Prototype genomic probe. BRAF alteration is common in papillary thyroid carcinoma; this rule is not a metastasis probability.,not_reviewed,genomic_mutation__BRAF,1.0,1.0,False,True,5.0,0.008767244406044483,0.9988669659105892,0.85,0.75,0.011620215546578602,0.998870804162721,0.008767244406044483,0.008774426960416937,0.5626411134854972,0.5626411161481514,2.6626542082297533e-09
0,TCGA-DE-A0Y3,age_ge_55_years,ngta.rule.tcga.age_ge_55_years.v1,Prototype demographic probe motivated by the AJCC 8th-edition thyroid age cutoff of 55 years. Not an NGTA risk model.,not_reviewed,diagnoses.age_at_diagnosis,22239,22239,False,True,0.0,0.008977819234132767,0.9978028479754057,0.7,0.6,0.011252741234657032,0.9978100654042519,0.008977819234132767,0.008972675863775884,0.5655799550910374,0.5655799307684568,-2.4322580616242817e-08
2,TCGA-IM-A3U2,age_ge_55_years,ngta.rule.tcga.age_ge_55_years.v1,Prototype demographic probe motivated by the AJCC 8th-edition thyroid age cutoff of 55 years. Not an NGTA risk model.,not_reviewed,diagnoses.age_at_diagnosis,32682,32682,False,True,0.0,0.006720479112118483,0.9982715549509281,0.7,0.6,0.008516370395671994,0.9982760246459264,0.006720479112118483,0.006721302492635406,0.5592742393581023,0.5592742265590014,-1.2799100890248383e-08
3,TCGA-DJ-A1QL,age_ge_55_years,ngta.rule.tcga.age_ge_55_years.v1,Prototype demographic probe motivated by the AJCC 8th-edition thyroid age cutoff of 55 years. Not an NGTA risk model.,not_reviewed,diagnoses.age_at_diagnosis,25713,25713,False,True,0.0,0.0037897578440606594,0.9990473128376549,0.7,0.6,0.004784189992682446,0.9990486723141652,0.0037897578440606594,0.0039920372499616065,0.35362644267622095,0.3536264424503961,-2.2582485881272873e-10
9,TCGA-EL-A3CS,age_ge_55_years,ngta.rule.tcga.age_ge_55_years.v1,Prototype demographic probe motivated by the AJCC 8th-edition thyroid age cutoff of 55 years. Not an NGTA risk model.,not_reviewed,diagnoses.age_at_diagnosis,22993,22993,False,True,0.0,0.008613577112555504,0.9989317753688252,0.7,0.6,0.009720819730519255,0.9989334842863574,0.008613577112555504,0.0086270941755581,0.537386112771285,0.5373861077743555,-4.996929536815742e-09
13,TCGA-DE-A69K,age_ge_55_years,ngta.rule.tcga.age_ge_55_years.v1,Prototype demographic probe motivated by the AJCC 8th-edition thyroid age cutoff of 55 years. Not an NGTA risk model.,not_reviewed,diagnoses.age_at_diagnosis,21403,21403,False,True,0.0,0.008218936622142792,0.9989327387603293,0.7,0.6,0.009325812632133564,0.9989344445992961,0.008218936622142792,0.008232905516558028,0.556903108098715,0.5569031040477166,-4.0509984255976406e-09
14,TCGA-BJ-A0ZB,age_ge_55_years,ngta.rule.tcga.age_ge_55_years.v1,Prototype demographic probe motivated by the AJCC 8th-edition thyroid age cutoff of 55 years. Not an NGTA risk model.,not_reviewed,diagnoses.age_at_diagnosis,24415,24415,False,True,0.0,0.007129266858100891,0.9986767547119692,0.7,0.6,0.00850361445787488,0.9986793759762442,0.007129266858100891,0.007137252842023118,0.5562640531050995,0.5562640458825375,-7.222561992925591e-09
15,TCGA-DJ-A3UZ,age_ge_55_years,ngta.rule.tcga.age_ge_55_years.v1,Prototype demographic probe motivated by the AJCC 8th-edition thyroid age cutoff of 55 years. Not an NGTA risk model.,not_reviewed,diagnoses.age_at_diagnosis,25846,25846,False,True,0.0,0.007469982374459505,0.9988526965144156,0.7,0.6,0.00866111223537936,0.9988546675802316,0.007469982374459505,0.007481589265497777,0.5468691472417807,0.5468691415773981,-5.664382629610998e-09
17,TCGA-DJ-A1QO,age_ge_55_years,ngta.rule.tcga.age_ge_55_years.v1,Prototype demographic probe motivated by the AJCC 8th-edition thyroid age cutoff of 55 years. Not an NGTA risk model.,not_reviewed,diagnoses.age_at_diagnosis,25232,25232,False,True,0.0,0.008133274503052235,0.9985677665755232,0.7,0.6,0.009618582823251428,0.9985708369182252,0.008133274503052235,0.008138676861631314,0.5589824550611335,0.5589824451554177,-9.905715803171233e-09
18,TCGA-EL-A3GV,age_ge_55_years,ngta.rule.tcga.age_ge_55_years.v1,Prototype demographic probe motivated by the AJCC 8th-edition thyroid age cutoff of 55 years. Not an NGTA risk model.,not_reviewed,diagnoses.age_at_diagnosis,23787,23787,False,True,0.0,0.008351672440767288,0.9989758136939312,0.7,0.6,0.00941369370550159,0.9989773847167853,0.008351672440767288,0.008363658632294596,0.5553266349586856,0.555326630022832,-4.935853614718155e-09
26,TCGA-BJ-A45F,age_ge_55_years,ngta.rule.tcga.age_ge_55_years.v1,Prototype demographic probe motivated by the AJCC 8th-edition thyroid age cutoff of 55 years. Not an NGTA risk model.,not_reviewed,diagnoses.age_at_diagnosis,21713,21713,False,True,0.0,0.00726828770712018,0.9985743028817913,0.7,0.6,0.008748670827007875,0.9985773452938634,0.00726828770712018,0.007422949578307843,0.44428056369775004,0.4442805608377774,-2.859972647595299e-09
28,TCGA-E8-A242,age_ge_55_years,ngta.rule.tcga.age_ge_55_years.v1,Prototype demographic probe motivated by the AJCC 8th-edition thyroid age cutoff of 55 years. Not an NGTA risk model.,not_reviewed,diagnoses.age_at_diagnosis,20472,20472,False,True,0.0,0.008958681486546993,0.9982846112935075,0.7,0.6,0.010735264431633373,0.9982890138031062,0.008958681486546993,0.008959925580510373,0.5673474624516399,0.567347452301602,-1.0150037921263788e-08
29,TCGA-BJ-A291,age_ge_55_years,ngta.rule.tcga.age_ge_55_years.v1,Prototype demographic probe motivated by the AJCC 8th-edition thyroid age cutoff of 55 years. Not an NGTA risk model.,not_reviewed,diagnoses.age_at_diagnosis,20682,20682,False,True,0.0,0.009640109725296497,0.9978524344355647,0.7,0.6,0.011861614003383987,0.997859330278433,0.009640109725296497,0.009631394976420423,0.5392126879294878,0.5392126733713813,-1.4558106498085976e-08
40,TCGA-EL-A3ZM,age_ge_55_years,ngta.rule.tcga.age_ge_55_years.v1,Prototype demographic probe motivated by the AJCC 8th-edition thyroid age cutoff of 55 years. Not an NGTA risk model.,not_reviewed,diagnoses.age_at_diagnosis,21987,21987,False,True,0.0,0.008341004140675068,0.9986244079652685,0.7,0.6,0.009767184127941466,0.9986272405008175,0.008341004140675068,0.008355157886445233,0.5484839709471135,0.5484839636397524,-7.307361160613368e-09
43,TCGA-EL-A3MW,age_ge_55_years,ngta.rule.tcga.age_ge_55_years.v1,Prototype demographic probe motivated by the AJCC 8th-edition thyroid age cutoff of 55 years. Not an NGTA risk model.,not_reviewed,diagnoses.age_at_diagnosis,20186,20186,False,True,0.0,0.00931334588676691,0.9986253982310537,0.7,0.6,0.010736496398958647,0.998628226694073,0.00931334588676691,0.00931716461464126,0.5622645362652573,0.5622645298115926,-6.453664713745866e-09
50,TCGA-E3-A3E5,age_ge_55_years,ngta.rule.tcga.age_ge_55_years.v1,Prototype demographic probe motivated by the AJCC 8th-edition thyroid age cutoff of 55 years. Not an NGTA risk model.,not_reviewed,diagnoses.age_at_diagnosis,20993,20993,False,True,0.0,0.010115096345543861,0.9985012696026034,0.7,0.6,0.011664862218650325,0.9985046313343153,0.010115096345543861,0.010118764897032473,0.5630344971059953,0.5630344871099235,-9.996071748119562e-09
56,TCGA-E8-A418,age_ge_55_years,ngta.rule.tcga.age_ge_55_years.v1,Prototype demographic probe motivated by the AJCC 8th-edition thyroid age cutoff of 55 years. Not an NGTA risk model.,not_reviewed,diagnoses.age_at_diagnosis,27737,27737,False,True,0.0,0.00859755091369152,0.998477637001566,0.7,0.6,0.010175198295965313,0.9984811054648243,0.00859755091369152,0.00859800498036636,0.5583750170869122,0.5583750038298944,-1.325701781684785e-08
60,TCGA-FY-A3NP,age_ge_55_years,ngta.rule.tcga.age_ge_55_years.v1,Prototype demographic probe motivated by the AJCC 8th-edition thyroid age cutoff of 55 years. Not an NGTA risk model.,not_reviewed,diagnoses.age_at_diagnosis,25462,25462,False,True,0.0,0.0035898550413548946,0.9993949932414444,0.7,0.6,0.0042216631838966874,0.9993955417933948,0.0035898550413548946,0.00372353735251819,0.3287887963565395,0.32878879636578284,9.243328324970435e-12
61,TCGA-DE-A0XZ,age_ge_55_years,ngta.rule.tcga.age_ge_55_years.v1,Prototype demographic probe motivated by the AJCC 8th-edition thyroid age cutoff of 55 years. Not an NGTA risk model.,not_reviewed,diagnoses.age_at_diagnosis,24020,24020,False,True,0.0,0.008657626807689667,0.9982142159444506,0.7,0.6,0.010507857032331312,0.9982189867021756,0.008657626807689667,0.00866002647219208,0.5501475735905431,0.5501475590688785,-1.4521664648547983e-08
62,TCGA-EM-A22N,age_ge_55_years,ngta.rule.tcga.age_ge_55_years.v1,Prototype demographic probe motivated by the AJCC 8th-edition thyroid age cutoff of 55 years. Not an NGTA risk model.,not_reviewed,diagnoses.age_at_diagnosis,25035,25035,False,True,0.0,0.004211270250380039,0.9994273369672251,0.7,0.6,0.004808777891334695,0.9994278284594595,0.004211270250380039,0.004392273268763212,0.32925338665653425,0.32925338666471865,8.18439760408296e-12
63,TCGA-DJ-A13O,age_ge_55_years,ngta.rule.tcga.age_ge_55_years.v1,Prototype demographic probe motivated by the AJCC 8th-edition thyroid age cutoff of 55 years. Not an NGTA risk model.,not_reviewed,diagnoses.age_at_diagnosis,20779,20779,False,True,0.0,0.008950704708695412,0.9983151445072568,0.7,0.6,0.010695711967554757,0.99831939187999,0.008950704708695412,0.008948621579953414,0.5544066535878417,0.5544066435806514,-1.0007190298644275e-08
65,TCGA-DJ-A4V5,age_ge_55_years,ngta.rule.tcga.age_ge_55_years.v1,Prototype demographic probe motivated by the AJCC 8th-edition thyroid age cutoff of 55 years. Not an NGTA risk model.,not_reviewed,diagnoses.age_at_diagnosis,20108,20108,False,True,0.0,0.00943935476243496,0.998436157235776,0.7,0.6,0.011057981526027839,0.9984398170569854,0.00943935476243496,0.009442208896719057,0.5451687122090733,0.5451687053762023,-6.8328709357246e-09
0,TCGA-DE-A0Y3,pathologic_t_t3_t4,ngta.rule.tcga.pathologic_t_t3_t4.v2,Prototype staging probe using AJCC pathologic T3/T4 categories. Not a validated nodal-metastasis rule.,not_reviewed,diagnoses.ajcc_pathologic_t,T4a,T4a,False,True,69.0,0.004685789812356234,0.9990024706705269,0.9,0.85,0.009723252110494882,0.9990080776763194,0.004685789812356234,0.004694488632296125,0.5655799260318216,0.5655799307684568,4.736635195179417e-09
2,TCGA-IM-A3U2,pathologic_t_t3_t4,ngta.rule.tcga.pathologic_t_t3_t4.v2,Prototype staging probe using AJCC pathologic T3/T4 categories. Not a validated nodal-metastasis rule.,not_reviewed,diagnoses.ajcc_pathologic_t,T3,T3,False,True,67.0,0.004005748778581619,0.9993117373759985,0.9,0.85,0.007489077045336938,0.9993144112781903,0.004005748778581619,0.004014431176678221,0.559274223101525,0.5592742265590014,3.4574764162798033e-09
5,TCGA-ET-A2N4,pathologic_t_t3_t4,ngta.rule.tcga.pathologic_t_t3_t4.v2,Prototype staging probe using AJCC pathologic T3/T4 categories. Not a validated nodal-metastasis rule.,not_reviewed,diagnoses.ajcc_pathologic_t,T3,T3,False,True,67.0,0.00294877658598125,0.9991982168472996,0.9,0.85,0.007009280079524116,0.9992018432230225,0.00294877658598125,0.003073055672460317,0.3635092807686685,0.3635092875602331,6.79156458849306e-09
6,TCGA-EL-A3T6,pathologic_t_t3_t4,ngta.rule.tcga.pathologic_t_t3_t4.v2,Prototype staging probe using AJCC pathologic T3/T4 categories. Not a validated nodal-metastasis rule.,not_reviewed,diagnoses.ajcc_pathologic_t,T3,T3,False,True,67.0,0.003937149420380592,0.9995032531994607,0.9,0.85,0.006453641815775658,0.9995046475663013,0.003937149420380592,0.003946396324880566,0.5670875482233296,0.5670875501140302,1.890700596085537e-09
8,TCGA-DO-A1K0,pathologic_t_t3_t4,ngta.rule.tcga.pathologic_t_t3_t4.v2,Prototype staging probe using AJCC pathologic T3/T4 categories. Not a validated nodal-metastasis rule.,not_reviewed,diagnoses.ajcc_pathologic_t,T3,T3,False,True,67.0,0.003916513174772263,0.9995092825501541,0.9,0.85,0.006402588246005087,0.9995106433200391,0.003916513174772263,0.003924654108496704,0.5743569178076148,0.5743569194748455,1.6672306868414921e-09
9,TCGA-EL-A3CS,pathologic_t_t3_t4,ngta.rule.tcga.pathologic_t_t3_t4.v2,Prototype staging probe using AJCC pathologic T3/T4 categories. Not a validated nodal-metastasis rule.,not_reviewed,diagnoses.ajcc_pathologic_t,T4a,T4a,False,True,69.0,0.004151478875428438,0.9995166186971859,0.9,0.85,0.006599829014092815,0.999517939139358,0.004151478875428438,0.004162846902176828,0.5373861064436203,0.5373861077743555,1.3307351887092977e-09
13,TCGA-DE-A69K,pathologic_t_t3_t4,ngta.rule.tcga.pathologic_t_t3_t4.v2,Prototype staging probe using AJCC pathologic T3/T4 categories. Not a validated nodal-metastasis rule.,not_reviewed,diagnoses.ajcc_pathologic_t,T3,T3,False,True,67.0,0.003830356989055872,0.999459566232015,0.9,0.85,0.006567934661027401,0.9994612162346774,0.003830356989055872,0.0038410706903812537,0.5569031017910325,0.5569031040477166,2.2566840618409856e-09
14,TCGA-BJ-A0ZB,pathologic_t_t3_t4,ngta.rule.tcga.pathologic_t_t3_t4.v2,Prototype staging probe using AJCC pathologic T3/T4 categories. Not a validated nodal-metastasis rule.,not_reviewed,diagnoses.ajcc_pathologic_t,T3,T3,False,True,67.0,0.00444399006664753,0.999495442385749,0.9,0.85,0.006998512936346611,0.9994968808837079,0.00444399006664753,0.004456829721678392,0.5562640436459452,0.5562640458825375,2.236592355764344e-09
15,TCGA-DJ-A3UZ,pathologic_t_t3_t4,ngta.rule.tcga.pathologic_t_t3_t4.v2,Prototype staging probe using AJCC pathologic T3/T4 categories. Not a validated nodal-metastasis rule.,not_reviewed,diagnoses.ajcc_pathologic_t,T3,T3,False,True,67.0,0.0038516453932970762,0.9994684838332119,0.9,0.85,0.006544098592526106,0.9994700799127416,0.0038516453932970762,0.00386231221884278,0.5468691391310215,0.5468691415773981,2.446376545783835e-09
16,TCGA-BJ-A28X,pathologic_t_t3_t4,ngta.rule.tcga.pathologic_t_t3_t4.v2,Prototype staging probe using AJCC pathologic T3/T4 categories. Not a validated nodal-metastasis rule.,not_reviewed,diagnoses.ajcc_pathologic_t,T3,T3,False,True,67.0,0.004015400540083647,0.9993542032187348,0.9,0.85,0.007284417808446134,0.9993565579047943,0.004015400540083647,0.004022085634555419,0.5685519145368133,0.5685519175153231,2.9785097721557463e-09
17,TCGA-DJ-A1QO,pathologic_t_t3_t4,ngta.rule.tcga.pathologic_t_t3_t4.v2,Prototype staging probe using AJCC pathologic T3/T4 categories. Not a validated nodal-metastasis rule.,not_reviewed,diagnoses.ajcc_pathologic_t,T3,T3,False,True,67.0,0.003580294316634536,0.9991720829438042,0.9,0.85,0.007769688049301173,0.9991759490037623,0.003580294316634536,0.003587008999779789,0.5589824402222907,0.5589824451554177,4.933127017991978e-09
18,TCGA-EL-A3GV,pathologic_t_t3_t4,ngta.rule.tcga.pathologic_t_t3_t4.v2,Prototype staging probe using AJCC pathologic T3/T4 categories. Not a validated nodal-metastasis rule.,not_reviewed,diagnoses.ajcc_pathologic_t,T3,T3,False,True,67.0,0.004058781545609236,0.9995043698980087,0.9,0.85,0.006569289036941502,0.999505758011516,0.004058781545609236,0.004069212360342866,0.5553266280730245,0.555326630022832,1.949807537648951e-09
27,TCGA-FK-A3S3,pathologic_t_t3_t4,ngta.rule.tcga.pathologic_t_t3_t4.v2,Prototype staging probe using AJCC pathologic T3/T4 categories. Not a validated nodal-metastasis rule.,not_reviewed,diagnoses.ajcc_pathologic_t,T3,T3,False,True,67.0,0.0027000936679542065,0.9995256855531848,0.9,0.85,0.00510651355190827,0.9995269569896096,0.0027000936679542065,0.002788814607732579,0.33482745677269604,0.334827459187078,2.4143819721267334e-09
28,TCGA-E8-A242,pathologic_t_t3_t4,ngta.rule.tcga.pathologic_t_t3_t4.v2,Prototype staging probe using AJCC pathologic T3/T4 categories. Not a validated nodal-metastasis rule.,not_reviewed,diagnoses.ajcc_pathologic_t,T3,T3,False,True,67.0,0.0038379973266273737,0.9996293869220653,0.9,0.85,0.0057168142235537855,0.9996301636305049,0.0038379973266273737,0.0038487706943868168,0.5673474513324782,0.567347452301602,9.691237812248232e-10
30,TCGA-EL-A4K4,pathologic_t_t3_t4,ngta.rule.tcga.pathologic_t_t3_t4.v2,Prototype staging probe using AJCC pathologic T3/T4 categories. Not a validated nodal-metastasis rule.,not_reviewed,diagnoses.ajcc_pathologic_t,T3,T3,False,True,67.0,0.0038067568093538284,0.9993622266950254,0.9,0.85,0.007036031648779574,0.9993645233386451,0.0038067568093538284,0.0038139261372613885,0.5616759638256519,0.5616759668781185,3.0524666128073363e-09
32,TCGA-EL-A3T0,pathologic_t_t3_t4,ngta.rule.tcga.pathologic_t_t3_t4.v2,Prototype staging probe using AJCC pathologic T3/T4 categories. Not a validated nodal-metastasis rule.,not_reviewed,diagnoses.ajcc_pathologic_t,T3,T3,False,True,67.0,0.003532643662765622,0.9995087487512161,0.9,0.85,0.00602248303849,0.9995101124790692,0.003532643662765622,0.003542412655844246,0.5402585635990368,0.5402585655288306,1.9297937692286382e-09
35,TCGA-EM-A3O9,pathologic_t_t3_t4,ngta.rule.tcga.pathologic_t_t3_t4.v2,Prototype staging probe using AJCC pathologic T3/T4 categories. Not a validated nodal-metastasis rule.,not_reviewed,diagnoses.ajcc_pathologic_t,T3,T3,False,True,67.0,0.0027547066565603018,0.9993657735028789,0.9,0.85,0.005969845590723428,0.9993680447186574,0.0027547066565603018,0.00284649419953039,0.3374596631893754,0.3374596673989519,4.20957646518616e-09
37,TCGA-J8-A3O1,pathologic_t_t3_t4,ngta.rule.tcga.pathologic_t_t3_t4.v2,Prototype staging probe using AJCC pathologic T3/T4 categories. Not a validated nodal-metastasis rule.,not_reviewed,diagnoses.ajcc_pathologic_t,T3,T3,False,True,67.0,0.003258524928241968,0.999580836383926,0.9,0.85,0.0053843611830431395,0.999581829647443,0.003258524928241968,0.0032668088224244583,0.5463410400642246,0.5463410412370293,1.1728047422110421e-09
38,TCGA-DJ-A3V8,pathologic_t_t3_t4,ngta.rule.tcga.pathologic_t_t3_t4.v2,Prototype staging probe using AJCC pathologic T3/T4 categories. Not a validated nodal-metastasis rule.,not_reviewed,diagnoses.ajcc_pathologic_t,T3,T3,False,True,67.0,0.0036776845809072256,0.9993473107678364,0.9,0.85,0.0069827306985053555,0.9993497158906406,0.0036776845809072256,0.0036853380363642153,0.5610657174937631,0.5610657202675039,2.7737407926053947e-09
40,TCGA-EL-A3ZM,pathologic_t_t3_t4,ngta.rule.tcga.pathologic_t_t3_t4.v2,Prototype staging probe using AJCC pathologic T3/T4 categories. Not a validated nodal-metastasis rule.,not_reviewed,diagnoses.ajcc_pathologic_t,T4a,T4a,False,True,69.0,0.004102335777133703,0.9993842922672603,0.9,0.85,0.007219176494551097,0.9993864330089257,0.004102335777133703,0.0041152431237557316,0.5484839614414715,0.5484839636397524,2.1982808906528817e-09
42,TCGA-FE-A237,pathologic_t_t3_t4,ngta.rule.tcga.pathologic_t_t3_t4.v2,Prototype staging probe using AJCC pathologic T3/T4 categories. Not a validated nodal-metastasis rule.,not_reviewed,diagnoses.ajcc_pathologic_t,T3,T3,False,True,67.0,0.003943691961467266,0.9996489897064313,0.9,0.85,0.005723085493238464,0.9996496865004159,0.003943691961467266,0.00395385587680737,0.581548787418312,0.5815487882467019,8.283899122218941e-10
50,TCGA-E3-A3E5,pathologic_t_t3_t4,ngta.rule.tcga.pathologic_t_t3_t4.v2,Prototype staging probe using AJCC pathologic T3/T4 categories. Not a validated nodal-metastasis rule.,not_reviewed,diagnoses.ajcc_pathologic_t,T4a,T4a,False,True,69.0,0.005117029417306185,0.9995307832610212,0.9,0.85,0.007491230406963398,0.9995320275505589,0.005117029417306185,0.00512946069681413,0.5630344858713254,0.5630344871099235,1.2385981129625634e-09
53,TCGA-EL-A3ZN,pathologic_t_t3_t4,ngta.rule.tcga.pathologic_t_t3_t4.v2,Prototype staging probe using AJCC pathologic T3/T4 categories. Not a validated nodal-metastasis rule.,not_reviewed,diagnoses.ajcc_pathologic_t,T3,T3,False,True,67.0,0.003603994147852063,0.9994098165898905,0.9,0.85,0.006593642382903712,0.9994117838040528,0.003603994147852063,0.0036121268532543853,0.532639057845168,0.5326390606317954,2.7866274843191263e-09
55,TCGA-ET-A3BO,pathologic_t_t3_t4,ngta.rule.tcga.pathologic_t_t3_t4.v2,Prototype staging probe using AJCC pathologic T3/T4 categories. Not a validated nodal-metastasis rule.,not_reviewed,diagnoses.ajcc_pathologic_t,T3,T3,False,True,67.0,0.003779493272304535,0.9994190268738372,0.9,0.85,0.006722035595553769,0.9994209332663634,0.003779493272304535,0.0037892744862325183,0.5614641461235651,0.5614641483268136,2.2032484725542645e-09
56,TCGA-E8-A418,pathologic_t_t3_t4,ngta.rule.tcga.pathologic_t_t3_t4.v2,Prototype staging probe using AJCC pathologic T3/T4 categories. Not a validated nodal-metastasis rule.,not_reviewed,diagnoses.ajcc_pathologic_t,T4a,T4a,False,True,69.0,0.0047923182137310505,0.9992750103189559,0.9,0.85,0.008457676474344832,0.9992779765895807,0.0047923182137310505,0.004800232992422018,0.5583750011576442,0.5583750038298944,2.672250198898496e-09
58,TCGA-EL-A3TB,pathologic_t_t3_t4,ngta.rule.tcga.pathologic_t_t3_t4.v2,Prototype staging probe using AJCC pathologic T3/T4 categories. Not a validated nodal-metastasis rule.,not_reviewed,diagnoses.ajcc_pathologic_t,T3,T3,False,True,67.0,0.003617980983108282,0.9994708575290286,0.9,0.85,0.006299138496356419,0.999472439405755,0.003617980983108282,0.0036265314420119736,0.5395016406452187,0.5395016429338664,2.2886477157868512e-09
64,TCGA-DJ-A4UR,pathologic_t_t3_t4,ngta.rule.tcga.pathologic_t_t3_t4.v2,Prototype staging probe using AJCC pathologic T3/T4 categories. Not a validated nodal-metastasis rule.,not_reviewed,diagnoses.ajcc_pathologic_t,T3,T3,False,True,67.0,0.00281406007707119,0.9995031161219478,0.9,0.85,0.005334400232505295,0.9995045112573663,0.00281406007707119,0.0029122501875978864,0.32249259322349816,0.32249259597671154,2.753213379502739e-09
65,TCGA-DJ-A4V5,pathologic_t_t3_t4,ngta.rule.tcga.pathologic_t_t3_t4.v2,Prototype staging probe using AJCC pathologic T3/T4 categories. Not a validated nodal-metastasis rule.,not_reviewed,diagnoses.ajcc_pathologic_t,T3,T3,False,True,67.0,0.004291106015443802,0.9994238029143522,0.9,0.85,0.007207857279794938,0.9994256781423091,0.004291106015443802,0.004300912035285619,0.5451687024118518,0.5451687053762023,2.9643505428111894e-09
67,TCGA-J8-A3NZ,pathologic_t_t3_t4,ngta.rule.tcga.pathologic_t_t3_t4.v2,Prototype staging probe using AJCC pathologic T3/T4 categories. Not a validated nodal-metastasis rule.,not_reviewed,diagnoses.ajcc_pathologic_t,T3,T3,False,True,67.0,0.003799577010795474,0.9993881773489476,0.9,0.85,0.0068978533037072414,0.9993902912063006,0.003799577010795474,0.003806776235809396,0.5626411133455007,0.5626411161481514,2.8026506670997264e-09
2,TCGA-IM-A3U2,extrathyroid_extension_present,ngta.rule.tcga.extrathyroid_extension_present.v1,Prototype pathology probe using recognized extrathyroid-extension categories. Missing and unknown values are not evidence.,not_reviewed,pathology_details.extrathyroid_extension,Minimal (T3),Minimal (T3),False,False,,,,0.85,0.8,,,,,,,
5,TCGA-ET-A2N4,extrathyroid_extension_present,ngta.rule.tcga.extrathyroid_extension_present.v1,Prototype pathology probe using recognized extrathyroid-extension categories. Missing and unknown values are not evidence.,not_reviewed,pathology_details.extrathyroid_extension,Minimal (T3),Minimal (T3),False,False,,,,0.85,0.8,,,,,,,
8,TCGA-DO-A1K0,extrathyroid_extension_present,ngta.rule.tcga.extrathyroid_extension_present.v1,Prototype pathology probe using recognized extrathyroid-extension categories. Missing and unknown values are not evidence.,not_reviewed,pathology_details.extrathyroid_extension,Minimal (T3),Minimal (T3),False,False,,,,0.85,0.8,,,,,,,
9,TCGA-EL-A3CS,extrathyroid_extension_present,ngta.rule.tcga.extrathyroid_extension_present.v1,Prototype pathology probe using recognized extrathyroid-extension categories. Missing and unknown values are not evidence.,not_reviewed,pathology_details.extrathyroid_extension,Moderate/Advanced (T4a),Moderate/Advanced (T4a),False,False,,,,0.85,0.8,,,,,,,
13,TCGA-DE-A69K,extrathyroid_extension_present,ngta.rule.tcga.extrathyroid_extension_present.v1,Prototype pathology probe using recognized extrathyroid-extension categories. Missing and unknown values are not evidence.,not_reviewed,pathology_details.extrathyroid_extension,Minimal (T3),Minimal (T3),False,False,,,,0.85,0.8,,,,,,,
14,TCGA-BJ-A0ZB,extrathyroid_extension_present,ngta.rule.tcga.extrathyroid_extension_present.v1,Prototype pathology probe using recognized extrathyroid-extension categories. Missing and unknown values are not evidence.,not_reviewed,pathology_details.extrathyroid_extension,Moderate/Advanced (T4a),Moderate/Advanced (T4a),False,False,,,,0.85,0.8,,,,,,,
15,TCGA-DJ-A3UZ,extrathyroid_extension_present,ngta.rule.tcga.extrathyroid_extension_present.v1,Prototype pathology probe using recognized extrathyroid-extension categories. Missing and unknown values are not evidence.,not_reviewed,pathology_details.extrathyroid_extension,Minimal (T3),Minimal (T3),False,False,,,,0.85,0.8,,,,,,,
16,TCGA-BJ-A28X,extrathyroid_extension_present,ngta.rule.tcga.extrathyroid_extension_present.v1,Prototype pathology probe using recognized extrathyroid-extension categories. Missing and unknown values are not evidence.,not_reviewed,pathology_details.extrathyroid_extension,Minimal (T3),Minimal (T3),False,False,,,,0.85,0.8,,,,,,,
17,TCGA-DJ-A1QO,extrathyroid_extension_present,ngta.rule.tcga.extrathyroid_extension_present.v1,Prototype pathology probe using recognized extrathyroid-extension categories. Missing and unknown values are not evidence.,not_reviewed,pathology_details.extrathyroid_extension,Minimal (T3),Minimal (T3),False,False,,,,0.85,0.8,,,,,,,
18,TCGA-EL-A3GV,extrathyroid_extension_present,ngta.rule.tcga.extrathyroid_extension_present.v1,Prototype pathology probe using recognized extrathyroid-extension categories. Missing and unknown values are not evidence.,not_reviewed,pathology_details.extrathyroid_extension,Minimal (T3),Minimal (T3),False,False,,,,0.85,0.8,,,,,,,
27,TCGA-FK-A3S3,extrathyroid_extension_present,ngta.rule.tcga.extrathyroid_extension_present.v1,Prototype pathology probe using recognized extrathyroid-extension categories. Missing and unknown values are not evidence.,not_reviewed,pathology_details.extrathyroid_extension,Minimal (T3),Minimal (T3),False,False,,,,0.85,0.8,,,,,,,
28,TCGA-E8-A242,extrathyroid_extension_present,ngta.rule.tcga.extrathyroid_extension_present.v1,Prototype pathology probe using recognized extrathyroid-extension categories. Missing and unknown values are not evidence.,not_reviewed,pathology_details.extrathyroid_extension,Minimal (T3),Minimal (T3),False,False,,,,0.85,0.8,,,,,,,
30,TCGA-EL-A4K4,extrathyroid_extension_present,ngta.rule.tcga.extrathyroid_extension_present.v1,Prototype pathology probe using recognized extrathyroid-extension categories. Missing and unknown values are not evidence.,not_reviewed,pathology_details.extrathyroid_extension,Minimal (T3),Minimal (T3),False,False,,,,0.85,0.8,,,,,,,
32,TCGA-EL-A3T0,extrathyroid_extension_present,ngta.rule.tcga.extrathyroid_extension_present.v1,Prototype pathology probe using recognized extrathyroid-extension categories. Missing and unknown values are not evidence.,not_reviewed,pathology_details.extrathyroid_extension,Minimal (T3),Minimal (T3),False,False,,,,0.85,0.8,,,,,,,
38,TCGA-DJ-A3V8,extrathyroid_extension_present,ngta.rule.tcga.extrathyroid_extension_present.v1,Prototype pathology probe using recognized extrathyroid-extension categories. Missing and unknown values are not evidence.,not_reviewed,pathology_details.extrathyroid_extension,Minimal (T3),Minimal (T3),False,False,,,,0.85,0.8,,,,,,,
40,TCGA-EL-A3ZM,extrathyroid_extension_present,ngta.rule.tcga.extrathyroid_extension_present.v1,Prototype pathology probe using recognized extrathyroid-extension categories. Missing and unknown values are not evidence.,not_reviewed,pathology_details.extrathyroid_extension,Moderate/Advanced (T4a),Moderate/Advanced (T4a),False,False,,,,0.85,0.8,,,,,,,
42,TCGA-FE-A237,extrathyroid_extension_present,ngta.rule.tcga.extrathyroid_extension_present.v1,Prototype pathology probe using recognized extrathyroid-extension categories. Missing and unknown values are not evidence.,not_reviewed,pathology_details.extrathyroid_extension,Minimal (T3),Minimal (T3),False,False,,,,0.85,0.8,,,,,,,
53,TCGA-EL-A3ZN,extrathyroid_extension_present,ngta.rule.tcga.extrathyroid_extension_present.v1,Prototype pathology probe using recognized extrathyroid-extension categories. Missing and unknown values are not evidence.,not_reviewed,pathology_details.extrathyroid_extension,Minimal (T3),Minimal (T3),False,False,,,,0.85,0.8,,,,,,,
55,TCGA-ET-A3BO,extrathyroid_extension_present,ngta.rule.tcga.extrathyroid_extension_present.v1,Prototype pathology probe using recognized extrathyroid-extension categories. Missing and unknown values are not evidence.,not_reviewed,pathology_details.extrathyroid_extension,Minimal (T3),Minimal (T3),False,False,,,,0.85,0.8,,,,,,,
56,TCGA-E8-A418,extrathyroid_extension_present,ngta.rule.tcga.extrathyroid_extension_present.v1,Prototype pathology probe using recognized extrathyroid-extension categories. Missing and unknown values are not evidence.,not_reviewed,pathology_details.extrathyroid_extension,Moderate/Advanced (T4a),Moderate/Advanced (T4a),False,False,,,,0.85,0.8,,,,,,,
58,TCGA-EL-A3TB,extrathyroid_extension_present,ngta.rule.tcga.extrathyroid_extension_present.v1,Prototype pathology probe using recognized extrathyroid-extension categories. Missing and unknown values are not evidence.,not_reviewed,pathology_details.extrathyroid_extension,Minimal (T3),Minimal (T3),False,False,,,,0.85,0.8,,,,,,,
64,TCGA-DJ-A4UR,extrathyroid_extension_present,ngta.rule.tcga.extrathyroid_extension_present.v1,Prototype pathology probe using recognized extrathyroid-extension categories. Missing and unknown values are not evidence.,not_reviewed,pathology_details.extrathyroid_extension,Minimal (T3),Minimal (T3),False,False,,,,0.85,0.8,,,,,,,
65,TCGA-DJ-A4V5,extrathyroid_extension_present,ngta.rule.tcga.extrathyroid_extension_present.v1,Prototype pathology probe using recognized extrathyroid-extension categories. Missing and unknown values are not evidence.,not_reviewed,pathology_details.extrathyroid_extension,Minimal (T3),Minimal (T3),False,False,,,,0.85,0.8,,,,,,,
67,TCGA-J8-A3NZ,extrathyroid_extension_present,ngta.rule.tcga.extrathyroid_extension_present.v1,Prototype pathology probe using recognized extrathyroid-extension categories. Missing and unknown values are not evidence.,not_reviewed,pathology_details.extrathyroid_extension,Minimal (T3),Minimal (T3),False,False,,,,0.85,0.8,,,,,,,
