case_submitter_id,split
TCGA-EL-A4K6,train
TCGA-BJ-A2P4,train
TCGA-EM-A1CT,train
TCGA-EM-A3ST,train
TCGA-FY-A3I5,train
TCGA-BJ-A0ZC,train
TCGA-ET-A39R,train
TCGA-ET-A39P,train
TCGA-EL-A3GQ,train
TCGA-DJ-A13U,train
TCGA-EL-A4K7,train
TCGA-ET-A3DU,train
TCGA-E3-A3E3,train
TCGA-EL-A3H1,train
TCGA-FY-A3TY,train
TCGA-ET-A3DQ,train
TCGA-EM-A3AL,train
TCGA-L6-A4EQ,train
TCGA-EL-A3T7,train
TCGA-EM-A2CM,train
TCGA-EL-A3GZ,train
TCGA-EL-A3CZ,train
TCGA-BJ-A0ZA,train
TCGA-FY-A3I4,train
TCGA-KS-A4I9,train
TCGA-ET-A40S,train
TCGA-EM-A3FR,train
TCGA-DJ-A13P,train
TCGA-DE-A4M8,train
TCGA-EL-A4JX,train
TCGA-EL-A3GU,train
TCGA-H2-A3RH,train
TCGA-DJ-A3UN,train
TCGA-EL-A4K1,train
TCGA-FY-A3W9,train
TCGA-DE-A3KN,train
TCGA-E8-A44K,train
TCGA-ET-A40P,train
TCGA-DJ-A13S,train
TCGA-EM-A3FO,train
TCGA-ET-A40T,train
TCGA-EM-A1CU,train
TCGA-DJ-A3V9,train
TCGA-E8-A3X7,train
TCGA-FY-A2QD,train
TCGA-FY-A3NM,train
TCGA-EL-A3GS,train
TCGA-EL-A3CX,train
TCGA-EM-A22Q,train
TCGA-DJ-A3VG,train
TCGA-EL-A4KG,train
TCGA-DJ-A4UW,train
TCGA-EM-A3FM,train
TCGA-ET-A25O,train
TCGA-DJ-A3VJ,train
TCGA-EL-A3ZQ,train
TCGA-IM-A3U3,train
TCGA-EM-A2CP,train
TCGA-E3-A3E2,train
TCGA-IM-A3ED,train
TCGA-DE-A4MD,train
TCGA-CE-A482,train
TCGA-ET-A3BT,train
TCGA-CE-A13K,train
TCGA-EM-A3FN,train
TCGA-E3-A3E0,train
TCGA-BJ-A28V,train
TCGA-EM-A4FV,train
TCGA-J8-A4HW,train
TCGA-EL-A3T3,train
TCGA-CE-A481,train
TCGA-EL-A3ZS,train
TCGA-DE-A4MC,train
TCGA-DJ-A3UX,train
TCGA-DJ-A4V2,train
TCGA-FY-A40L,train
TCGA-DE-A4MB,train
TCGA-BJ-A0Z3,train
TCGA-BJ-A18Z,train
TCGA-ET-A39S,train
TCGA-DJ-A2PT,train
TCGA-EL-A3H2,train
TCGA-DJ-A4V0,train
TCGA-MK-A4N6,train
TCGA-E8-A2EA,train
TCGA-ET-A25P,train
TCGA-BJ-A2NA,train
TCGA-DJ-A1QG,train
TCGA-FE-A234,train
TCGA-EL-A3D5,train
TCGA-FK-A3SG,train
TCGA-BJ-A3EZ,train
TCGA-ET-A3BP,train
TCGA-J8-A3YE,train
TCGA-E8-A434,train
TCGA-BJ-A28Z,train
TCGA-BJ-A45E,train
TCGA-EL-A3ZO,train
TCGA-DJ-A3UY,train
TCGA-ET-A25I,train
TCGA-DJ-A3VL,train
TCGA-EM-A3AK,train
TCGA-BJ-A0ZE,train
TCGA-FY-A4B3,train
TCGA-EL-A3ZK,train
TCGA-FK-A3SD,train
TCGA-CE-A27D,train
TCGA-DJ-A2Q5,train
TCGA-EL-A3GY,train
TCGA-J8-A4HY,train
TCGA-EL-A4K9,train
TCGA-DJ-A4UQ,train
TCGA-EL-A4KI,train
TCGA-DJ-A2Q6,train
TCGA-EL-A3H4,train
TCGA-EL-A3GX,train
TCGA-BJ-A2N9,train
TCGA-ET-A3BU,train
TCGA-FE-A22Z,train
TCGA-DJ-A3VM,train
TCGA-ET-A39T,train
TCGA-BJ-A0ZF,train
TCGA-DJ-A3V7,train
TCGA-DJ-A2QA,train
TCGA-EL-A3CW,train
TCGA-DJ-A3V0,train
TCGA-J8-A42S,train
TCGA-EL-A3D4,train
TCGA-ET-A3BQ,train
TCGA-DJ-A4V4,train
TCGA-DJ-A3VA,train
TCGA-EM-A22P,train
TCGA-EL-A3N2,train
TCGA-EM-A2CS,train
TCGA-BJ-A3PT,train
TCGA-BJ-A45G,train
TCGA-EM-A3FK,train
TCGA-E8-A415,train
TCGA-IM-A3EB,train
TCGA-EL-A3CY,train
TCGA-DJ-A3VD,train
TCGA-BJ-A3F0,train
TCGA-FE-A3PD,train
TCGA-EL-A3ZT,train
TCGA-DJ-A2PV,train
TCGA-EL-A3CT,train
TCGA-EM-A3AQ,train
TCGA-BJ-A0ZJ,train
TCGA-DJ-A3VF,train
TCGA-BJ-A3PU,train
TCGA-EM-A3AJ,train
TCGA-L6-A4EU,train
TCGA-EL-A4K0,train
TCGA-DJ-A13V,train
TCGA-EM-A4FR,train
TCGA-DE-A0Y2,train
TCGA-EM-A3FP,train
TCGA-CE-A485,train
TCGA-IM-A41Z,train
TCGA-J8-A3YD,train
TCGA-DJ-A3V4,train
TCGA-DJ-A2PW,train
TCGA-EM-A1CS,train
TCGA-FK-A3SB,train
TCGA-KS-A41I,train
TCGA-BJ-A28W,train
TCGA-E8-A417,train
TCGA-DJ-A1QI,train
TCGA-EM-A1CV,train
TCGA-E8-A416,train
TCGA-BJ-A45I,train
TCGA-BJ-A0YZ,train
TCGA-KS-A4ID,train
TCGA-EM-A1YE,train
TCGA-ET-A25G,train
TCGA-DJ-A3UQ,train
TCGA-ET-A25K,train
TCGA-BJ-A0Z0,train
TCGA-FE-A235,train
TCGA-DJ-A4UP,train
TCGA-EM-A1YD,train
TCGA-CE-A3MD,train
TCGA-EL-A4JV,train
TCGA-EL-A3CO,train
TCGA-EM-A22K,train
TCGA-ET-A3DR,train
TCGA-KS-A41J,train
TCGA-FY-A4B4,train
TCGA-DJ-A1QM,train
TCGA-ET-A3BV,train
TCGA-E3-A3E1,train
TCGA-KS-A41L,train
TCGA-DJ-A2Q4,train
TCGA-KS-A41F,train
TCGA-EL-A3CU,train
TCGA-BJ-A4O8,train
TCGA-FY-A3YR,train
TCGA-EM-A3OA,train
TCGA-ET-A4KN,train
TCGA-EL-A3ZP,train
TCGA-J8-A3YG,train
TCGA-J8-A3O2,train
TCGA-EM-A2OV,train
TCGA-H2-A421,train
TCGA-DJ-A2QC,train
TCGA-E8-A44M,train
TCGA-EL-A3MZ,train
TCGA-DJ-A3V2,train
TCGA-QD-A8IV,train
TCGA-BJ-A290,train
TCGA-DJ-A3US,train
TCGA-DJ-A2PU,train
TCGA-EL-A3T2,train
TCGA-EM-A2P0,train
TCGA-CE-A484,train
TCGA-KS-A4IB,train
TCGA-EM-A4FM,train
TCGA-ET-A3DS,train
TCGA-BJ-A45C,train
TCGA-EL-A3ZR,train
TCGA-E8-A413,train
TCGA-FE-A23A,train
TCGA-EM-A22I,train
TCGA-FY-A3R6,train
TCGA-EL-A3ZG,train
TCGA-J8-A3YF,train
TCGA-ET-A3DW,train
TCGA-BJ-A45H,train
TCGA-IM-A41Y,train
TCGA-DJ-A3V3,train
TCGA-ET-A3BS,train
TCGA-KS-A4I5,train
TCGA-DJ-A3UU,train
TCGA-E3-A3DZ,train
TCGA-EM-A4FN,train
TCGA-EL-A3GO,train
TCGA-DJ-A3UO,train
TCGA-ET-A3DV,train
TCGA-DJ-A3VK,train
TCGA-E8-A2JQ,train
TCGA-EM-A1YC,train
TCGA-ET-A2N1,train
TCGA-EM-A2CR,train
TCGA-EM-A2P2,train
TCGA-BJ-A28T,train
TCGA-BJ-A2N7,train
TCGA-CE-A483,train
TCGA-EM-A3SU,train
TCGA-EM-A4FF,train
TCGA-EM-A3SZ,train
TCGA-EM-A4FO,train
TCGA-BJ-A28R,train
TCGA-DJ-A1QH,train
TCGA-EM-A2CU,train
TCGA-BJ-A0Z2,train
TCGA-H2-A3RI,train
TCGA-EL-A3MX,train
TCGA-J8-A3YH,train
TCGA-DJ-A2PN,train
TCGA-EL-A4KD,train
TCGA-EM-A22O,train
TCGA-EL-A3T1,train
TCGA-EL-A3CR,train
TCGA-EL-A3H3,train
TCGA-FY-A3ON,train
TCGA-EL-A3H7,train
TCGA-DJ-A3UM,train
TCGA-E8-A414,train
TCGA-EM-A3FJ,train
TCGA-KS-A4IC,train
TCGA-FE-A231,train
TCGA-KS-A4I7,train
TCGA-BJ-A190,train
TCGA-ET-A40Q,train
TCGA-EM-A2OZ,train
TCGA-ET-A39L,train
TCGA-EM-A2CQ,train
TCGA-EL-A3T8,train
TCGA-DJ-A2PZ,train
TCGA-DJ-A3V6,train
TCGA-MK-A4N9,train
TCGA-EM-A3O8,train
TCGA-EM-A2CN,train
TCGA-FK-A3SH,train
TCGA-BJ-A191,train
TCGA-DJ-A3UV,train
TCGA-EL-A3TA,train
TCGA-FE-A238,train
TCGA-EM-A3AO,train
TCGA-DJ-A2Q1,train
TCGA-E8-A432,train
TCGA-EL-A3GW,train
TCGA-ET-A39O,train
TCGA-DJ-A2Q9,train
TCGA-DJ-A2PY,train
TCGA-ET-A39K,train
TCGA-EL-A3H8,train
TCGA-DJ-A3UT,train
TCGA-J8-A3O0,train
TCGA-DE-A7U5,train
TCGA-BJ-A18Y,train
TCGA-DJ-A3VI,train
TCGA-EM-A2CK,train
TCGA-EM-A3FQ,train
TCGA-DO-A2HM,train
TCGA-EL-A4KH,train
TCGA-FE-A3PB,train
TCGA-4C-A93U,train
TCGA-DJ-A2PQ,train
TCGA-DJ-A1QQ,train
TCGA-DJ-A3V5,train
TCGA-EL-A3H5,train
TCGA-ET-A2N0,train
TCGA-DJ-A3UK,train
TCGA-EM-A3SX,train
TCGA-EM-A22J,train
TCGA-DJ-A2QB,train
TCGA-EM-A3O3,train
TCGA-EM-A4G1,train
TCGA-BJ-A0ZG,val
TCGA-FE-A236,val
TCGA-BJ-A0Z9,val
TCGA-DJ-A3VB,val
TCGA-EL-A4K2,val
TCGA-H2-A26U,val
TCGA-DJ-A4UL,val
TCGA-DJ-A13R,val
TCGA-H2-A422,val
TCGA-BJ-A28S,val
TCGA-EL-A3D6,val
TCGA-EL-A3ZH,val
TCGA-DJ-A13T,val
TCGA-E8-A438,val
TCGA-DJ-A2PO,val
TCGA-DJ-A2Q0,val
TCGA-EL-A3D0,val
TCGA-DJ-A3VE,val
TCGA-DJ-A1QD,val
TCGA-E3-A3DY,val
TCGA-FE-A230,val
TCGA-CE-A3ME,val
TCGA-EL-A3CV,val
TCGA-EL-A4JZ,val
TCGA-BJ-A45J,val
TCGA-DJ-A1QN,val
TCGA-DJ-A2Q7,val
TCGA-FY-A40N,val
TCGA-FY-A3R7,val
TCGA-BJ-A45K,val
TCGA-FE-A3PA,val
TCGA-FK-A4UB,val
TCGA-EL-A3CN,val
TCGA-EL-A3T9,val
TCGA-KS-A4I3,val
TCGA-BJ-A3PR,val
TCGA-DJ-A13L,val
TCGA-DJ-A2PR,val
TCGA-FY-A3R9,val
TCGA-DE-A4MA,val
TCGA-KS-A4I1,val
TCGA-ET-A3DT,val
TCGA-ET-A25L,val
TCGA-FE-A239,val
TCGA-ET-A3BX,val
TCGA-DJ-A13X,val
TCGA-EL-A3GP,val
TCGA-DJ-A2Q2,val
TCGA-IM-A4EB,val
TCGA-DJ-A2Q3,val
TCGA-EM-A3AN,val
TCGA-ET-A2MX,val
TCGA-EM-A1CW,val
TCGA-EL-A3CM,val
TCGA-EM-A2OY,val
TCGA-DJ-A3UP,val
TCGA-EL-A3D1,val
TCGA-EM-A3OB,val
TCGA-BJ-A45D,val
TCGA-FE-A3PC,val
TCGA-ET-A25N,val
TCGA-ET-A40R,val
TCGA-EL-A3ZL,val
TCGA-BJ-A0Z5,val
TCGA-DJ-A1QE,val
TCGA-DJ-A2PS,val
TCGA-DJ-A1QF,val
TCGA-DJ-A3UR,val
TCGA-BJ-A4O9,val
TCGA-DE-A0Y3,test
TCGA-DJ-A2PX,test
TCGA-IM-A3U2,test
TCGA-DJ-A1QL,test
TCGA-EM-A2CT,test
TCGA-ET-A2N4,test
TCGA-EL-A3T6,test
TCGA-DJ-A3UW,test
TCGA-DO-A1K0,test
TCGA-EL-A3CS,test
TCGA-E8-A419,test
TCGA-ET-A25J,test
TCGA-DJ-A2Q8,test
TCGA-DE-A69K,test
TCGA-BJ-A0ZB,test
TCGA-DJ-A3UZ,test
TCGA-BJ-A28X,test
TCGA-DJ-A1QO,test
TCGA-EL-A3GV,test
TCGA-DJ-A2PP,test
TCGA-H2-A2K9,test
TCGA-EM-A4FQ,test
TCGA-FY-A3NN,test
TCGA-EM-A2P1,test
TCGA-MK-A4N7,test
TCGA-L6-A4EP,test
TCGA-BJ-A45F,test
TCGA-FK-A3S3,test
TCGA-E8-A242,test
TCGA-BJ-A291,test
TCGA-EL-A4K4,test
TCGA-EM-A3AR,test
TCGA-EL-A3T0,test
TCGA-EM-A22M,test
TCGA-GE-A2C6,test
TCGA-EM-A3O9,test
TCGA-IM-A420,test
TCGA-J8-A3O1,test
TCGA-DJ-A3V8,test
TCGA-FY-A40K,test
TCGA-EL-A3ZM,test
TCGA-EM-A2OX,test
TCGA-FE-A237,test
TCGA-EL-A3MW,test
TCGA-FK-A3SE,test
TCGA-ET-A25M,test
TCGA-EM-A22L,test
TCGA-DJ-A13W,test
TCGA-DJ-A13M,test
TCGA-E8-A433,test
TCGA-E3-A3E5,test
TCGA-BJ-A0ZH,test
TCGA-DJ-A4UT,test
TCGA-EL-A3ZN,test
TCGA-E8-A436,test
TCGA-ET-A3BO,test
TCGA-E8-A418,test
TCGA-FY-A40M,test
TCGA-EL-A3TB,test
TCGA-EL-A4JW,test
TCGA-FY-A3NP,test
TCGA-DE-A0XZ,test
TCGA-EM-A22N,test
TCGA-DJ-A13O,test
TCGA-DJ-A4UR,test
TCGA-DJ-A4V5,test
TCGA-ET-A2MZ,test
TCGA-J8-A3NZ,test
TCGA-BJ-A2N8,test
