ablation,gamma,symbolic_confidence_scale,baseline_auc,baseline_brier,auc,brier,accuracy,ece
nars_gated_gamma,0.25,1.0,0.753781512605042,0.21106361949590674,0.753781512605042,0.2111215582855826,0.6811594202898551,0.08261825522869125
symbolic_disabled_mc_confidence_only,0.25,1.0,0.753781512605042,0.21106361949590674,0.753781512605042,0.21111045413330132,0.6811594202898551,0.0826394803061728
nars_gated_gamma,0.5,1.0,0.753781512605042,0.21106361949590674,0.753781512605042,0.21118019548226186,0.6811594202898551,0.0826489993407696
symbolic_disabled_mc_confidence_only,0.5,1.0,0.753781512605042,0.21106361949590674,0.7546218487394958,0.21115809227965007,0.6811594202898551,0.08269144274353257
nars_gated_gamma,1.0,1.0,0.753781512605042,0.21106361949590674,0.7546218487394958,0.21129958078305328,0.6811594202898551,0.08040145358735812
symbolic_disabled_mc_confidence_only,1.0,1.0,0.753781512605042,0.21106361949590674,0.7554621848739496,0.21125580124942483,0.6811594202898551,0.08048651492787312
nars_gated_gamma,2.0,1.0,0.753781512605042,0.21106361949590674,0.7571428571428571,0.2115469070273302,0.6811594202898551,0.08004381369359767
symbolic_disabled_mc_confidence_only,2.0,1.0,0.753781512605042,0.21106361949590674,0.7579831932773109,0.21146110664609763,0.6811594202898551,0.0802136363803044
nars_gated_gamma,4.0,1.0,0.753781512605042,0.21106361949590674,0.7554621848739496,0.21207668713312366,0.6666666666666666,0.10578622485278795
symbolic_disabled_mc_confidence_only,4.0,1.0,0.753781512605042,0.21106361949590674,0.7554621848739496,0.21191252001764943,0.6666666666666666,0.10632778472680784
rule_truth_confidence_scale,2.0,0.5,0.753781512605042,0.21106361949590674,0.7579831932773109,0.2114689845690458,0.6811594202898551,0.08018936961527859
rule_truth_confidence_scale,2.0,0.75,0.753781512605042,0.21106361949590674,0.7579831932773109,0.2114847466830786,0.6811594202898551,0.08015497576484353
rule_truth_confidence_scale,2.0,1.25,0.753781512605042,0.21106361949590674,0.7529411764705882,0.21181779131346684,0.6811594202898551,0.07958523427015299
rule_truth_confidence_scale,2.0,1.5,0.753781512605042,0.21106361949590674,0.753781512605042,0.21167224180209812,0.6811594202898551,0.09995303304920222
