case_index,case_id,rule_id,rule_version,source,expert_review,source_column,raw_value,imputed_value,was_imputed,mapped,feature_index,neural_frequency,neural_confidence,symbolic_frequency,symbolic_confidence,revised_frequency,revised_confidence,attention_before,attention_after,rule_off_probability,nars_probability,symbolic_probability_delta
0,TCGA-DE-A0Y3,age_ge_55_years,ngta.rule.tcga.age_ge_55_years.v1,Prototype demographic probe motivated by the AJCC 8th-edition thyroid age cutoff of 55 years. Not an NGTA risk model.,not_reviewed,diagnoses.age_at_diagnosis,22239,22239,False,True,0.0,0.005551189184188843,0.9992819990555163,0.7,0.6,0.006298843129161537,0.9992827715116144,0.005551189184188843,0.005549462182816873,0.44334913217993605,0.4433491315852483,-5.946877434936937e-10
2,TCGA-IM-A3U2,age_ge_55_years,ngta.rule.tcga.age_ge_55_years.v1,Prototype demographic probe motivated by the AJCC 8th-edition thyroid age cutoff of 55 years. Not an NGTA risk model.,not_reviewed,diagnoses.age_at_diagnosis,32682,32682,False,True,0.0,0.006751768756657839,0.9994920429003197,0.7,0.6,0.0072798451779254834,0.9994924296362745,0.006751768756657839,0.006752106014566911,0.45647356252505844,0.4564735615279334,-9.971250491958017e-10
3,TCGA-DJ-A1QL,age_ge_55_years,ngta.rule.tcga.age_ge_55_years.v1,Prototype demographic probe motivated by the AJCC 8th-edition thyroid age cutoff of 55 years. Not an NGTA risk model.,not_reviewed,diagnoses.age_at_diagnosis,25713,25713,False,True,0.0,0.006633995566517115,0.9995384722887313,0.7,0.6,0.007113896260429258,0.9995387915794314,0.006633995566517115,0.006635133819500504,0.4572383868974608,0.457238386429682,-4.677788156826068e-10
9,TCGA-EL-A3CS,age_ge_55_years,ngta.rule.tcga.age_ge_55_years.v1,Prototype demographic probe motivated by the AJCC 8th-edition thyroid age cutoff of 55 years. Not an NGTA risk model.,not_reviewed,diagnoses.age_at_diagnosis,22993,22993,False,True,0.0,0.006861063186079264,0.9994365710827465,0.7,0.6,0.007446699984738514,0.9994370468588647,0.006861063186079264,0.006861227527310776,0.43473024560626355,0.43473024450180064,-1.104462910017645e-09
13,TCGA-DE-A69K,age_ge_55_years,ngta.rule.tcga.age_ge_55_years.v1,Prototype demographic probe motivated by the AJCC 8th-edition thyroid age cutoff of 55 years. Not an NGTA risk model.,not_reviewed,diagnoses.age_at_diagnosis,21403,21403,False,True,0.0,0.007988850586116314,0.9999904720303049,0.7,0.6,0.007998740730890255,0.9999904721664763,0.007988850586116314,0.007996724313841762,0.46355934777419977,0.4635593477740562,-1.4355183708403274e-13
14,TCGA-BJ-A0ZB,age_ge_55_years,ngta.rule.tcga.age_ge_55_years.v1,Prototype demographic probe motivated by the AJCC 8th-edition thyroid age cutoff of 55 years. Not an NGTA risk model.,not_reviewed,diagnoses.age_at_diagnosis,24415,24415,False,True,0.0,0.004007658455520868,0.9999991067866695,0.7,0.6,0.004008702443511221,0.9999990000015,0.004007658455520868,0.004011868618719965,0.4570185111328075,0.45701851132262544,1.8981793914463196e-10
15,TCGA-DJ-A3UZ,age_ge_55_years,ngta.rule.tcga.age_ge_55_years.v1,Prototype demographic probe motivated by the AJCC 8th-edition thyroid age cutoff of 55 years. Not an NGTA risk model.,not_reviewed,diagnoses.age_at_diagnosis,25846,25846,False,True,0.0,0.008092756383121014,0.9999954980588595,0.7,0.6,0.008097428761131847,0.9999954980892605,0.008092756383121014,0.008101590350437478,0.4633612882409362,0.46336128824085937,-7.682743330406083e-14
17,TCGA-DJ-A1QO,age_ge_55_years,ngta.rule.tcga.age_ge_55_years.v1,Prototype demographic probe motivated by the AJCC 8th-edition thyroid age cutoff of 55 years. Not an NGTA risk model.,not_reviewed,diagnoses.age_at_diagnosis,25232,25232,False,True,0.0,0.008089900948107243,0.9999997859762297,0.7,0.6,0.008090938812736918,0.9999990000015,0.008089900948107243,0.008097897070417444,0.44530797937604766,0.4453079812774386,1.901390933589653e-09
18,TCGA-EL-A3GV,age_ge_55_years,ngta.rule.tcga.age_ge_55_years.v1,Prototype demographic probe motivated by the AJCC 8th-edition thyroid age cutoff of 55 years. Not an NGTA risk model.,not_reviewed,diagnoses.age_at_diagnosis,23787,23787,False,True,0.0,0.007006863132119179,0.9994639534425788,0.7,0.6,0.007563928703580111,0.9994643841151555,0.007006863132119179,0.0070081564190547915,0.41885794865668835,0.4188579478609329,-7.957554615245499e-10
26,TCGA-BJ-A45F,age_ge_55_years,ngta.rule.tcga.age_ge_55_years.v1,Prototype demographic probe motivated by the AJCC 8th-edition thyroid age cutoff of 55 years. Not an NGTA risk model.,not_reviewed,diagnoses.age_at_diagnosis,21713,21713,False,True,0.0,0.005274216178804636,0.9994149235580225,0.7,0.6,0.005883739404586688,0.9994154365794519,0.005274216178804636,0.00527248571000121,0.4144942897304084,0.41449428917421266,-5.561957561184272e-10
28,TCGA-E8-A242,age_ge_55_years,ngta.rule.tcga.age_ge_55_years.v1,Prototype demographic probe motivated by the AJCC 8th-edition thyroid age cutoff of 55 years. Not an NGTA risk model.,not_reviewed,diagnoses.age_at_diagnosis,20472,20472,False,True,0.0,0.006472232285887003,0.9994724501717587,0.7,0.6,0.007020893244996887,0.9994728673049028,0.006472232285887003,0.006471127879774819,0.45775615359603483,0.45775615339970316,-1.96331673141259e-10
29,TCGA-BJ-A291,age_ge_55_years,ngta.rule.tcga.age_ge_55_years.v1,Prototype demographic probe motivated by the AJCC 8th-edition thyroid age cutoff of 55 years. Not an NGTA risk model.,not_reviewed,diagnoses.age_at_diagnosis,20682,20682,False,True,0.0,0.004151622299104929,0.9999976591720736,0.7,0.6,0.004154065588217845,0.9999976591802928,0.004151622299104929,0.004156857368013251,0.4578417787884154,0.4578417787884101,-5.329070518200751e-15
40,TCGA-EL-A3ZM,age_ge_55_years,ngta.rule.tcga.age_ge_55_years.v1,Prototype demographic probe motivated by the AJCC 8th-edition thyroid age cutoff of 55 years. Not an NGTA risk model.,not_reviewed,diagnoses.age_at_diagnosis,21987,21987,False,True,0.0,0.008040957152843475,0.999993237616882,0.7,0.6,0.008047976067335759,0.999993237685476,0.008040957152843475,0.008048956783760523,0.4493185600124276,0.4493185600122884,-1.3916645613676337e-13
43,TCGA-EL-A3MW,age_ge_55_years,ngta.rule.tcga.age_ge_55_years.v1,Prototype demographic probe motivated by the AJCC 8th-edition thyroid age cutoff of 55 years. Not an NGTA risk model.,not_reviewed,diagnoses.age_at_diagnosis,20186,20186,False,True,0.0,0.006757546216249466,0.9994311343547756,0.7,0.6,0.0073489207335792435,0.9994316193531108,0.006757546216249466,0.006757694195405957,0.46888181446218885,0.46888181411299845,-3.4919039881842195e-10
50,TCGA-E3-A3E5,age_ge_55_years,ngta.rule.tcga.age_ge_55_years.v1,Prototype demographic probe motivated by the AJCC 8th-edition thyroid age cutoff of 55 years. Not an NGTA risk model.,not_reviewed,diagnoses.age_at_diagnosis,20993,20993,False,True,0.0,0.005466565955430269,0.9993799067426103,0.7,0.6,0.006112378972505636,0.9993804829801006,0.005466565955430269,0.005467010468222136,0.4306850406184443,0.43068504000961405,-6.0883026398173e-10
56,TCGA-E8-A418,age_ge_55_years,ngta.rule.tcga.age_ge_55_years.v1,Prototype demographic probe motivated by the AJCC 8th-edition thyroid age cutoff of 55 years. Not an NGTA risk model.,not_reviewed,diagnoses.age_at_diagnosis,27737,27737,False,True,0.0,0.007922290824353695,0.9999996484854005,0.7,0.6,0.007923328940398431,0.9999990000015,0.007922290824353695,0.00793078620934148,0.44281517631026984,0.4428151779122405,1.6019706672310008e-09
60,TCGA-FY-A3NP,age_ge_55_years,ngta.rule.tcga.age_ge_55_years.v1,Prototype demographic probe motivated by the AJCC 8th-edition thyroid age cutoff of 55 years. Not an NGTA risk model.,not_reviewed,diagnoses.age_at_diagnosis,25462,25462,False,True,0.0,0.006558535620570183,0.9994799199863428,0.7,0.6,0.0070993625533282995,0.9994803253949064,0.006558535620570183,0.006557973436576492,0.43908595309349713,0.439085952121109,-9.723881144729773e-10
61,TCGA-DE-A0XZ,age_ge_55_years,ngta.rule.tcga.age_ge_55_years.v1,Prototype demographic probe motivated by the AJCC 8th-edition thyroid age cutoff of 55 years. Not an NGTA risk model.,not_reviewed,diagnoses.age_at_diagnosis,24020,24020,False,True,0.0,0.006831760052591562,0.999435032826524,0.7,0.6,0.007419020113162919,0.9994355112029841,0.006831760052591562,0.006832386144072676,0.4542655655673729,0.4542655644599298,-1.1074430816826464e-09
62,TCGA-EM-A22N,age_ge_55_years,ngta.rule.tcga.age_ge_55_years.v1,Prototype demographic probe motivated by the AJCC 8th-edition thyroid age cutoff of 55 years. Not an NGTA risk model.,not_reviewed,diagnoses.age_at_diagnosis,25035,25035,False,True,0.0,0.006571747362613678,0.9994744177222198,0.7,0.6,0.007118284138339404,0.9994748317509067,0.006571747362613678,0.006571042576326982,0.4548992704475518,0.45489926934999797,-1.097553825601949e-09
63,TCGA-DJ-A13O,age_ge_55_years,ngta.rule.tcga.age_ge_55_years.v1,Prototype demographic probe motivated by the AJCC 8th-edition thyroid age cutoff of 55 years. Not an NGTA risk model.,not_reviewed,diagnoses.age_at_diagnosis,20779,20779,False,True,0.0,0.005470937117934227,0.9995075254779523,0.7,0.6,0.005983867617769478,0.9995078890061421,0.005470937117934227,0.00547282267959279,0.4249259493971362,0.4249259489401916,-4.5694459327449977e-10
65,TCGA-DJ-A4V5,age_ge_55_years,ngta.rule.tcga.age_ge_55_years.v1,Prototype demographic probe motivated by the AJCC 8th-edition thyroid age cutoff of 55 years. Not an NGTA risk model.,not_reviewed,diagnoses.age_at_diagnosis,20108,20108,False,True,0.0,0.008076713420450687,0.9999973547793402,0.7,0.6,0.008079458851478587,0.9999973547898359,0.008076713420450687,0.008085564149262184,0.48949713639576825,0.4894971363957646,-3.6637359812630166e-15
0,TCGA-DE-A0Y3,pathologic_t_t3_t4,ngta.rule.tcga.pathologic_t_t3_t4.v2,Prototype staging probe using AJCC pathologic T3/T4 categories. Not a validated nodal-metastasis rule.,not_reviewed,diagnoses.ajcc_pathologic_t,T4a,T4a,False,True,69.0,0.006937225814908743,0.9994293833678691,0.9,0.85,0.00981726995392881,0.9994312225066228,0.006937225814908743,0.006937010165150002,0.44334913272704196,0.4433491315852483,-1.1417936596203049e-09
2,TCGA-IM-A3U2,pathologic_t_t3_t4,ngta.rule.tcga.pathologic_t_t3_t4.v2,Prototype staging probe using AJCC pathologic T3/T4 categories. Not a validated nodal-metastasis rule.,not_reviewed,diagnoses.ajcc_pathologic_t,T3,T3,False,True,67.0,0.008136802352964878,0.9999965440596318,0.9,0.85,0.00815426801877362,0.9999965441273104,0.008136802352964878,0.008145420339582396,0.456473561528113,0.4564735615279334,-1.7963408538435033e-13
5,TCGA-ET-A2N4,pathologic_t_t3_t4,ngta.rule.tcga.pathologic_t_t3_t4.v2,Prototype staging probe using AJCC pathologic T3/T4 categories. Not a validated nodal-metastasis rule.,not_reviewed,diagnoses.ajcc_pathologic_t,T3,T3,False,True,67.0,0.0053293281234800816,0.9993580913554956,0.9,0.85,0.008573957347744816,0.9993604178243509,0.0053293281234800816,0.005328234647230684,0.44264967695752194,0.4426496735490228,-3.4084991495930694e-09
6,TCGA-EL-A3T6,pathologic_t_t3_t4,ngta.rule.tcga.pathologic_t_t3_t4.v2,Prototype staging probe using AJCC pathologic T3/T4 categories. Not a validated nodal-metastasis rule.,not_reviewed,diagnoses.ajcc_pathologic_t,T3,T3,False,True,67.0,0.005286849569529295,0.9993587641171192,0.9,0.85,0.008528242251472059,0.9993610857207701,0.005286849569529295,0.0052850190634685865,0.4680801746762762,0.46808016996963003,-4.70664618390515e-09
8,TCGA-DO-A1K0,pathologic_t_t3_t4,ngta.rule.tcga.pathologic_t_t3_t4.v2,Prototype staging probe using AJCC pathologic T3/T4 categories. Not a validated nodal-metastasis rule.,not_reviewed,diagnoses.ajcc_pathologic_t,T3,T3,False,True,67.0,0.005294093396514654,0.9994128981279784,0.9,0.85,0.008262566918654717,0.9994148448867322,0.005294093396514654,0.0052930122753466575,0.3900572421536334,0.39005723869846814,-3.455165265009441e-09
9,TCGA-EL-A3CS,pathologic_t_t3_t4,ngta.rule.tcga.pathologic_t_t3_t4.v2,Prototype staging probe using AJCC pathologic T3/T4 categories. Not a validated nodal-metastasis rule.,not_reviewed,diagnoses.ajcc_pathologic_t,T4a,T4a,False,True,69.0,0.00689837196841836,0.9993904269497794,0.9,0.85,0.009974614932803934,0.9993925253175517,0.00689837196841836,0.006897968176309062,0.43473024545295474,0.43473024450180064,-9.51154099926299e-10
13,TCGA-DE-A69K,pathologic_t_t3_t4,ngta.rule.tcga.pathologic_t_t3_t4.v2,Prototype staging probe using AJCC pathologic T3/T4 categories. Not a validated nodal-metastasis rule.,not_reviewed,diagnoses.ajcc_pathologic_t,T3,T3,False,True,67.0,0.00671554496511817,0.9993767042638334,0.9,0.85,0.009861483220288755,0.9993788980017876,0.00671554496511817,0.006713859605414965,0.46355935403878323,0.4635593477740562,-6.264727014926308e-09
14,TCGA-BJ-A0ZB,pathologic_t_t3_t4,ngta.rule.tcga.pathologic_t_t3_t4.v2,Prototype staging probe using AJCC pathologic T3/T4 categories. Not a validated nodal-metastasis rule.,not_reviewed,diagnoses.ajcc_pathologic_t,T3,T3,False,True,67.0,0.006669994443655014,0.9994846527348401,0.9,0.85,0.009272528129848733,0.9994861533218949,0.006669994443655014,0.006670161733454187,0.4570185147948673,0.45701851132262544,-3.4722418829069568e-09
15,TCGA-DJ-A3UZ,pathologic_t_t3_t4,ngta.rule.tcga.pathologic_t_t3_t4.v2,Prototype staging probe using AJCC pathologic T3/T4 categories. Not a validated nodal-metastasis rule.,not_reviewed,diagnoses.ajcc_pathologic_t,T3,T3,False,True,67.0,0.002656736643984914,0.9986742364107725,0.9,0.85,0.009356719685724851,0.9986841221540764,0.002656736643984914,0.002652696681979559,0.4633612967731176,0.46336128824085937,-8.532258233273637e-09
16,TCGA-BJ-A28X,pathologic_t_t3_t4,ngta.rule.tcga.pathologic_t_t3_t4.v2,Prototype staging probe using AJCC pathologic T3/T4 categories. Not a validated nodal-metastasis rule.,not_reviewed,diagnoses.ajcc_pathologic_t,T3,T3,False,True,67.0,0.0053635225631296635,0.9992799450950076,0.9,0.85,0.00900169255443495,0.9992828712036159,0.0053635225631296635,0.005361257791482648,0.43348367044311203,0.43348366447218895,-5.970923089293478e-09
17,TCGA-DJ-A1QO,pathologic_t_t3_t4,ngta.rule.tcga.pathologic_t_t3_t4.v2,Prototype staging probe using AJCC pathologic T3/T4 categories. Not a validated nodal-metastasis rule.,not_reviewed,diagnoses.ajcc_pathologic_t,T3,T3,False,True,67.0,0.0053869374096393585,0.9993472638339798,0.9,0.85,0.00868591741611925,0.9993496693020562,0.0053869374096393585,0.005385175102939524,0.44530798625965323,0.4453079812774386,-4.98221464084736e-09
18,TCGA-EL-A3GV,pathologic_t_t3_t4,ngta.rule.tcga.pathologic_t_t3_t4.v2,Prototype staging probe using AJCC pathologic T3/T4 categories. Not a validated nodal-metastasis rule.,not_reviewed,diagnoses.ajcc_pathologic_t,T3,T3,False,True,67.0,0.008438273333013058,0.9999916640399648,0.9,0.85,0.008480386491323447,0.9999916644337128,0.008438273333013058,0.00844864801239884,0.4188579478621432,0.4188579478609329,-1.2103096302951144e-12
27,TCGA-FK-A3S3,pathologic_t_t3_t4,ngta.rule.tcga.pathologic_t_t3_t4.v2,Prototype staging probe using AJCC pathologic T3/T4 categories. Not a validated nodal-metastasis rule.,not_reviewed,diagnoses.ajcc_pathologic_t,T3,T3,False,True,67.0,0.005468021612614393,0.997263388649028,0.9,0.85,0.019165021974730148,0.9973051784973351,0.005468021612614393,0.005445118589985359,0.47244386718393944,0.472443757687762,-1.0949617745836804e-07
28,TCGA-E8-A242,pathologic_t_t3_t4,ngta.rule.tcga.pathologic_t_t3_t4.v2,Prototype staging probe using AJCC pathologic T3/T4 categories. Not a validated nodal-metastasis rule.,not_reviewed,diagnoses.ajcc_pathologic_t,T3,T3,False,True,67.0,0.006529985461384058,0.9993968654373234,0.9,0.85,0.00957508297485678,0.9993989197867489,0.006529985461384058,0.006527776220184931,0.45775615692450017,0.45775615339970316,-3.524797009823999e-09
30,TCGA-EL-A4K4,pathologic_t_t3_t4,ngta.rule.tcga.pathologic_t_t3_t4.v2,Prototype staging probe using AJCC pathologic T3/T4 categories. Not a validated nodal-metastasis rule.,not_reviewed,diagnoses.ajcc_pathologic_t,T3,T3,False,True,67.0,0.005309604573994875,0.9992819996132952,0.9,0.85,0.008937647155520345,0.9992849090814462,0.005309604573994875,0.005306995979467609,0.47958979883504665,0.47958979448533695,-4.349709703532767e-09
32,TCGA-EL-A3T0,pathologic_t_t3_t4,ngta.rule.tcga.pathologic_t_t3_t4.v2,Prototype staging probe using AJCC pathologic T3/T4 categories. Not a validated nodal-metastasis rule.,not_reviewed,diagnoses.ajcc_pathologic_t,T3,T3,False,True,67.0,0.006836440414190292,0.9993671240446762,0.9,0.85,0.010030157887393362,0.9993693856152032,0.006836440414190292,0.006835804874207016,0.43730397734723186,0.4373039730493465,-4.297885380921684e-09
35,TCGA-EM-A3O9,pathologic_t_t3_t4,ngta.rule.tcga.pathologic_t_t3_t4.v2,Prototype staging probe using AJCC pathologic T3/T4 categories. Not a validated nodal-metastasis rule.,not_reviewed,diagnoses.ajcc_pathologic_t,T3,T3,False,True,67.0,0.0066080242395401,0.9994928159942983,0.9,0.85,0.009169608017964001,0.9994942694853914,0.0066080242395401,0.006607799879297038,0.47823060344360474,0.4782306007023831,-2.741221638569158e-09
37,TCGA-J8-A3O1,pathologic_t_t3_t4,ngta.rule.tcga.pathologic_t_t3_t4.v2,Prototype staging probe using AJCC pathologic T3/T4 categories. Not a validated nodal-metastasis rule.,not_reviewed,diagnoses.ajcc_pathologic_t,T3,T3,False,True,67.0,0.006712896283715963,0.9994029344455123,0.9,0.85,0.00972682067442421,0.9994049477283945,0.006712896283715963,0.006710813817665052,0.44737771021305933,0.44737770634894886,-3.864110476037297e-09
38,TCGA-DJ-A3V8,pathologic_t_t3_t4,ngta.rule.tcga.pathologic_t_t3_t4.v2,Prototype staging probe using AJCC pathologic T3/T4 categories. Not a validated nodal-metastasis rule.,not_reviewed,diagnoses.ajcc_pathologic_t,T3,T3,False,True,67.0,0.005391992628574371,0.9992859693051708,0.9,0.85,0.008999710798438532,0.9992888467548966,0.005391992628574371,0.005390035342357929,0.4861795149759936,0.4861795118179831,-3.158010519754839e-09
40,TCGA-EL-A3ZM,pathologic_t_t3_t4,ngta.rule.tcga.pathologic_t_t3_t4.v2,Prototype staging probe using AJCC pathologic T3/T4 categories. Not a validated nodal-metastasis rule.,not_reviewed,diagnoses.ajcc_pathologic_t,T4a,T4a,False,True,69.0,0.008044552989304066,0.9999932748163197,0.9,0.85,0.008078543786419787,0.9999932750726025,0.008044552989304066,0.008052555589784943,0.44931856001253384,0.4493185600122884,-2.4541479959339085e-13
42,TCGA-FE-A237,pathologic_t_t3_t4,ngta.rule.tcga.pathologic_t_t3_t4.v2,Prototype staging probe using AJCC pathologic T3/T4 categories. Not a validated nodal-metastasis rule.,not_reviewed,diagnoses.ajcc_pathologic_t,T3,T3,False,True,67.0,0.005432752426713705,0.9993092799064184,0.9,0.85,0.008922910635592278,0.9993119728998953,0.005432752426713705,0.005431230936511368,0.4588192108848705,0.45881920603402016,-4.850850332527301e-09
50,TCGA-E3-A3E5,pathologic_t_t3_t4,ngta.rule.tcga.pathologic_t_t3_t4.v2,Prototype staging probe using AJCC pathologic T3/T4 categories. Not a validated nodal-metastasis rule.,not_reviewed,diagnoses.ajcc_pathologic_t,T4a,T4a,False,True,69.0,0.0068479180335998535,0.9994871231316048,0.9,0.85,0.009437489995525253,0.9994886093872953,0.0068479180335998535,0.0068497300218993765,0.43068504182731565,0.43068504000961405,-1.8177016003484425e-09
53,TCGA-EL-A3ZN,pathologic_t_t3_t4,ngta.rule.tcga.pathologic_t_t3_t4.v2,Prototype staging probe using AJCC pathologic T3/T4 categories. Not a validated nodal-metastasis rule.,not_reviewed,diagnoses.ajcc_pathologic_t,T3,T3,False,True,67.0,0.006875824183225632,0.9994279528536953,0.9,0.85,0.009763267769601224,0.9994298012103745,0.006875824183225632,0.006875705581516851,0.46529616379320465,0.4652961596781904,-4.115014273775586e-09
55,TCGA-ET-A3BO,pathologic_t_t3_t4,ngta.rule.tcga.pathologic_t_t3_t4.v2,Prototype staging probe using AJCC pathologic T3/T4 categories. Not a validated nodal-metastasis rule.,not_reviewed,diagnoses.ajcc_pathologic_t,T3,T3,False,True,67.0,0.006789834704250097,0.9995256654500015,0.9,0.85,0.009185387837622794,0.9995269369940605,0.006789834704250097,0.006792049042939237,0.43582899404072833,0.43582899111961676,-2.921111574849533e-09
56,TCGA-E8-A418,pathologic_t_t3_t4,ngta.rule.tcga.pathologic_t_t3_t4.v2,Prototype staging probe using AJCC pathologic T3/T4 categories. Not a validated nodal-metastasis rule.,not_reviewed,diagnoses.ajcc_pathologic_t,T4a,T4a,False,True,69.0,0.00792066752910614,0.9999996283616944,0.9,0.85,0.007925722621733189,0.9999990000056667,0.00792066752910614,0.007929162165556164,0.4428151767436532,0.4428151779122405,1.1685872824962473e-09
58,TCGA-EL-A3TB,pathologic_t_t3_t4,ngta.rule.tcga.pathologic_t_t3_t4.v2,Prototype staging probe using AJCC pathologic T3/T4 categories. Not a validated nodal-metastasis rule.,not_reviewed,diagnoses.ajcc_pathologic_t,T3,T3,False,True,67.0,0.005404575262218714,0.9994440810869722,0.9,0.85,0.008215443983172333,0.9994458268472137,0.005404575262218714,0.005404667561814083,0.4900148177305634,0.49001481456995966,-3.1606037231846074e-09
64,TCGA-DJ-A4UR,pathologic_t_t3_t4,ngta.rule.tcga.pathologic_t_t3_t4.v2,Prototype staging probe using AJCC pathologic T3/T4 categories. Not a validated nodal-metastasis rule.,not_reviewed,diagnoses.ajcc_pathologic_t,T3,T3,False,True,67.0,0.008224290795624256,0.9999985794815309,0.9,0.85,0.008231469189940848,0.9999985794929654,0.008224290795624256,0.008233909787813852,0.4676894733950971,0.46768947339507744,-1.965094753586527e-14
65,TCGA-DJ-A4V5,pathologic_t_t3_t4,ngta.rule.tcga.pathologic_t_t3_t4.v2,Prototype staging probe using AJCC pathologic T3/T4 categories. Not a validated nodal-metastasis rule.,not_reviewed,diagnoses.ajcc_pathologic_t,T3,T3,False,True,67.0,0.0067649842239916325,0.9994143633629071,0.9,0.85,0.009721201489061127,0.9994163004327331,0.0067649842239916325,0.006764512126194372,0.48949714072222145,0.4894971363957646,-4.32645685943811e-09
67,TCGA-J8-A3NZ,pathologic_t_t3_t4,ngta.rule.tcga.pathologic_t_t3_t4.v2,Prototype staging probe using AJCC pathologic T3/T4 categories. Not a validated nodal-metastasis rule.,not_reviewed,diagnoses.ajcc_pathologic_t,T3,T3,False,True,67.0,0.00667223334312439,0.9994646679580174,0.9,0.85,0.009375433038275715,0.9994662870021416,0.00667223334312439,0.006671858791465604,0.4000343737741978,0.40003436995341746,-3.820780358765319e-09
2,TCGA-IM-A3U2,extrathyroid_extension_present,ngta.rule.tcga.extrathyroid_extension_present.v1,Prototype pathology probe using recognized extrathyroid-extension categories. Missing and unknown values are not evidence.,not_reviewed,pathology_details.extrathyroid_extension,Minimal (T3),Minimal (T3),False,False,,,,0.85,0.8,,,,,,,
5,TCGA-ET-A2N4,extrathyroid_extension_present,ngta.rule.tcga.extrathyroid_extension_present.v1,Prototype pathology probe using recognized extrathyroid-extension categories. Missing and unknown values are not evidence.,not_reviewed,pathology_details.extrathyroid_extension,Minimal (T3),Minimal (T3),False,False,,,,0.85,0.8,,,,,,,
8,TCGA-DO-A1K0,extrathyroid_extension_present,ngta.rule.tcga.extrathyroid_extension_present.v1,Prototype pathology probe using recognized extrathyroid-extension categories. Missing and unknown values are not evidence.,not_reviewed,pathology_details.extrathyroid_extension,Minimal (T3),Minimal (T3),False,False,,,,0.85,0.8,,,,,,,
9,TCGA-EL-A3CS,extrathyroid_extension_present,ngta.rule.tcga.extrathyroid_extension_present.v1,Prototype pathology probe using recognized extrathyroid-extension categories. Missing and unknown values are not evidence.,not_reviewed,pathology_details.extrathyroid_extension,Moderate/Advanced (T4a),Moderate/Advanced (T4a),False,False,,,,0.85,0.8,,,,,,,
13,TCGA-DE-A69K,extrathyroid_extension_present,ngta.rule.tcga.extrathyroid_extension_present.v1,Prototype pathology probe using recognized extrathyroid-extension categories. Missing and unknown values are not evidence.,not_reviewed,pathology_details.extrathyroid_extension,Minimal (T3),Minimal (T3),False,False,,,,0.85,0.8,,,,,,,
14,TCGA-BJ-A0ZB,extrathyroid_extension_present,ngta.rule.tcga.extrathyroid_extension_present.v1,Prototype pathology probe using recognized extrathyroid-extension categories. Missing and unknown values are not evidence.,not_reviewed,pathology_details.extrathyroid_extension,Moderate/Advanced (T4a),Moderate/Advanced (T4a),False,False,,,,0.85,0.8,,,,,,,
15,TCGA-DJ-A3UZ,extrathyroid_extension_present,ngta.rule.tcga.extrathyroid_extension_present.v1,Prototype pathology probe using recognized extrathyroid-extension categories. Missing and unknown values are not evidence.,not_reviewed,pathology_details.extrathyroid_extension,Minimal (T3),Minimal (T3),False,False,,,,0.85,0.8,,,,,,,
16,TCGA-BJ-A28X,extrathyroid_extension_present,ngta.rule.tcga.extrathyroid_extension_present.v1,Prototype pathology probe using recognized extrathyroid-extension categories. Missing and unknown values are not evidence.,not_reviewed,pathology_details.extrathyroid_extension,Minimal (T3),Minimal (T3),False,False,,,,0.85,0.8,,,,,,,
17,TCGA-DJ-A1QO,extrathyroid_extension_present,ngta.rule.tcga.extrathyroid_extension_present.v1,Prototype pathology probe using recognized extrathyroid-extension categories. Missing and unknown values are not evidence.,not_reviewed,pathology_details.extrathyroid_extension,Minimal (T3),Minimal (T3),False,False,,,,0.85,0.8,,,,,,,
18,TCGA-EL-A3GV,extrathyroid_extension_present,ngta.rule.tcga.extrathyroid_extension_present.v1,Prototype pathology probe using recognized extrathyroid-extension categories. Missing and unknown values are not evidence.,not_reviewed,pathology_details.extrathyroid_extension,Minimal (T3),Minimal (T3),False,False,,,,0.85,0.8,,,,,,,
27,TCGA-FK-A3S3,extrathyroid_extension_present,ngta.rule.tcga.extrathyroid_extension_present.v1,Prototype pathology probe using recognized extrathyroid-extension categories. Missing and unknown values are not evidence.,not_reviewed,pathology_details.extrathyroid_extension,Minimal (T3),Minimal (T3),False,False,,,,0.85,0.8,,,,,,,
28,TCGA-E8-A242,extrathyroid_extension_present,ngta.rule.tcga.extrathyroid_extension_present.v1,Prototype pathology probe using recognized extrathyroid-extension categories. Missing and unknown values are not evidence.,not_reviewed,pathology_details.extrathyroid_extension,Minimal (T3),Minimal (T3),False,False,,,,0.85,0.8,,,,,,,
30,TCGA-EL-A4K4,extrathyroid_extension_present,ngta.rule.tcga.extrathyroid_extension_present.v1,Prototype pathology probe using recognized extrathyroid-extension categories. Missing and unknown values are not evidence.,not_reviewed,pathology_details.extrathyroid_extension,Minimal (T3),Minimal (T3),False,False,,,,0.85,0.8,,,,,,,
32,TCGA-EL-A3T0,extrathyroid_extension_present,ngta.rule.tcga.extrathyroid_extension_present.v1,Prototype pathology probe using recognized extrathyroid-extension categories. Missing and unknown values are not evidence.,not_reviewed,pathology_details.extrathyroid_extension,Minimal (T3),Minimal (T3),False,False,,,,0.85,0.8,,,,,,,
38,TCGA-DJ-A3V8,extrathyroid_extension_present,ngta.rule.tcga.extrathyroid_extension_present.v1,Prototype pathology probe using recognized extrathyroid-extension categories. Missing and unknown values are not evidence.,not_reviewed,pathology_details.extrathyroid_extension,Minimal (T3),Minimal (T3),False,False,,,,0.85,0.8,,,,,,,
40,TCGA-EL-A3ZM,extrathyroid_extension_present,ngta.rule.tcga.extrathyroid_extension_present.v1,Prototype pathology probe using recognized extrathyroid-extension categories. Missing and unknown values are not evidence.,not_reviewed,pathology_details.extrathyroid_extension,Moderate/Advanced (T4a),Moderate/Advanced (T4a),False,False,,,,0.85,0.8,,,,,,,
42,TCGA-FE-A237,extrathyroid_extension_present,ngta.rule.tcga.extrathyroid_extension_present.v1,Prototype pathology probe using recognized extrathyroid-extension categories. Missing and unknown values are not evidence.,not_reviewed,pathology_details.extrathyroid_extension,Minimal (T3),Minimal (T3),False,False,,,,0.85,0.8,,,,,,,
53,TCGA-EL-A3ZN,extrathyroid_extension_present,ngta.rule.tcga.extrathyroid_extension_present.v1,Prototype pathology probe using recognized extrathyroid-extension categories. Missing and unknown values are not evidence.,not_reviewed,pathology_details.extrathyroid_extension,Minimal (T3),Minimal (T3),False,False,,,,0.85,0.8,,,,,,,
55,TCGA-ET-A3BO,extrathyroid_extension_present,ngta.rule.tcga.extrathyroid_extension_present.v1,Prototype pathology probe using recognized extrathyroid-extension categories. Missing and unknown values are not evidence.,not_reviewed,pathology_details.extrathyroid_extension,Minimal (T3),Minimal (T3),False,False,,,,0.85,0.8,,,,,,,
56,TCGA-E8-A418,extrathyroid_extension_present,ngta.rule.tcga.extrathyroid_extension_present.v1,Prototype pathology probe using recognized extrathyroid-extension categories. Missing and unknown values are not evidence.,not_reviewed,pathology_details.extrathyroid_extension,Moderate/Advanced (T4a),Moderate/Advanced (T4a),False,False,,,,0.85,0.8,,,,,,,
58,TCGA-EL-A3TB,extrathyroid_extension_present,ngta.rule.tcga.extrathyroid_extension_present.v1,Prototype pathology probe using recognized extrathyroid-extension categories. Missing and unknown values are not evidence.,not_reviewed,pathology_details.extrathyroid_extension,Minimal (T3),Minimal (T3),False,False,,,,0.85,0.8,,,,,,,
64,TCGA-DJ-A4UR,extrathyroid_extension_present,ngta.rule.tcga.extrathyroid_extension_present.v1,Prototype pathology probe using recognized extrathyroid-extension categories. Missing and unknown values are not evidence.,not_reviewed,pathology_details.extrathyroid_extension,Minimal (T3),Minimal (T3),False,False,,,,0.85,0.8,,,,,,,
65,TCGA-DJ-A4V5,extrathyroid_extension_present,ngta.rule.tcga.extrathyroid_extension_present.v1,Prototype pathology probe using recognized extrathyroid-extension categories. Missing and unknown values are not evidence.,not_reviewed,pathology_details.extrathyroid_extension,Minimal (T3),Minimal (T3),False,False,,,,0.85,0.8,,,,,,,
67,TCGA-J8-A3NZ,extrathyroid_extension_present,ngta.rule.tcga.extrathyroid_extension_present.v1,Prototype pathology probe using recognized extrathyroid-extension categories. Missing and unknown values are not evidence.,not_reviewed,pathology_details.extrathyroid_extension,Minimal (T3),Minimal (T3),False,False,,,,0.85,0.8,,,,,,,
