variant,brier,log_loss,auc,gamma,revision_rerun,max_abs_revised_minus_symbolic_confidence,symbolic_frequency,permutation,symbolic_confidence_scale,brier_minus_mc_confidence_only
mc_confidence_only,0.057897780677152684,0.20375255785965168,0.8745871756753764,2.0,True,0.0,,,,0.0
nars_gated,0.057897605592993555,0.20375170283008606,0.8745891051972856,2.0,True,0.39856377612659377,,,,-1.7508415912914632e-07
rules_removed,0.057897780677152684,0.20375255785965168,0.8745871756753764,2.0,True,0.0,,,,0.0
rules_shuffled,0.057897769604061664,0.2037525058556214,0.8745874246459451,2.0,True,0.39856377612659377,,,,-1.1073091020497028e-08
random_truth_values,0.057897570865133446,0.20375088713936304,0.8745897276237079,2.0,True,0.9479322491456447,,,,-2.098120192375874e-07
confidence_assignment_permutation,0.05789764940480847,0.20375197069147005,0.8745886072561477,2.0,True,0.39871720503321273,,,,-1.3127234421705936e-07
matched_irrelevant_predicates,0.057897775772299036,0.20375248229622459,0.8745873624033029,2.0,True,0.39856377612659377,,,,-4.904853648235452e-09
fixed_prior_f0.50_c0.20,0.05789776490745275,0.20375248628205478,0.8745871756753762,2.0,True,0.7988181635628142,,,,-1.5769699934775616e-08
fixed_prior_f0.50_c0.80,0.05789754880742488,0.20375152743040348,0.874589478653139,2.0,True,0.1988233782171731,,,,-2.31869727806977e-07
fixed_prior_f0.90_c0.30,0.05789775375781498,0.20375243581394245,0.8745873624033028,2.0,True,0.6988184129275743,,,,-2.6919337703379398e-08
fixed_prior_f0.90_c0.90,0.05789730883703706,0.20375050504158815,0.8745911592044792,2.0,True,0.09883025992543304,,,,-4.7184011562478867e-07
symbolic_frequency,0.057897605592993555,0.20375170283008606,0.8745891051972856,2.0,True,0.39856377612659377,0.1,,,-1.7508415912914632e-07
symbolic_frequency,0.057897605592993555,0.20375170283008606,0.8745891051972856,2.0,True,0.39856377612659377,0.5,,,-1.7508415912914632e-07
symbolic_frequency,0.057897605592993555,0.20375170283008606,0.8745891051972856,2.0,True,0.39856377612659377,0.9,,,-1.7508415912914632e-07
predicate_permutation,0.05789777279729717,0.20375250295281863,0.8745878603444408,2.0,True,0.39813495210216154,,0.0,,-7.879855511150335e-09
predicate_permutation,0.05789776534694763,0.2037525627395611,0.8745869267048073,2.0,True,0.39856377612659377,,1.0,,-1.533020505678495e-08
predicate_permutation,0.05789777078678887,0.203752465632095,0.8745876736165141,2.0,True,0.3983219846771945,,2.0,,-9.890363812659064e-09
predicate_permutation,0.057897730933514885,0.2037524553427579,0.8745873001606606,2.0,True,0.39836652388216354,,3.0,,-4.974363779913782e-08
predicate_permutation,0.057897716339272494,0.2037524989385383,0.8745864910063116,2.0,True,0.39836652388216354,,4.0,,-6.433788019011288e-08
predicate_permutation,0.057897802282947636,0.20375271244999552,0.8745874246459452,2.0,True,0.39804892619425425,,5.0,,2.160579495175119e-08
predicate_permutation,0.05789775835443474,0.20375263530657778,0.8745873624033029,2.0,True,0.3981394134735269,,6.0,,-2.232271794494478e-08
predicate_permutation,0.05789771765326152,0.2037522531828895,0.874587673616514,2.0,True,0.39836652388216354,,7.0,,-6.302389116141782e-08
predicate_permutation,0.0578977316733767,0.2037524366945254,0.874587922587083,2.0,True,0.39836652388216354,,8.0,,-4.900377598149319e-08
predicate_permutation,0.05789772200889065,0.20375227828615092,0.8745874246459452,2.0,True,0.39856377612659377,,9.0,,-5.8668262033212404e-08
predicate_permutation,0.0578977683886218,0.20375257568728633,0.8745867399768806,2.0,True,0.3981394134735269,,10.0,,-1.2288530887305527e-08
predicate_permutation,0.05789774893750373,0.2037523891571313,0.8745872379180186,2.0,True,0.39836652388216354,,11.0,,-3.1739648950757093e-08
predicate_permutation,0.05789775114178656,0.2037524758437516,0.8745875491312296,2.0,True,0.3983219846771945,,12.0,,-2.953536612504415e-08
predicate_permutation,0.05789771085669356,0.20375240648170734,0.8745873001606607,2.0,True,0.39856377612659377,,13.0,,-6.982045912262702e-08
predicate_permutation,0.05789772175698461,0.20375230459531754,0.8745875491312296,2.0,True,0.39842700263770947,,14.0,,-5.8920168070908385e-08
predicate_permutation,0.05789771827900513,0.2037522675070317,0.8745873624033028,2.0,True,0.39842700263770947,,15.0,,-6.239814755171214e-08
predicate_permutation,0.05789774552132275,0.20375256924816135,0.8745867399768805,2.0,True,0.3980715200862164,,16.0,,-3.515582993468547e-08
predicate_permutation,0.057897720927149024,0.20375235321890092,0.8745876736165141,2.0,True,0.39836652388216354,,17.0,,-5.97500036600418e-08
predicate_permutation,0.05789773275207561,0.20375247604657534,0.8745880470723676,2.0,True,0.39856377612659377,,18.0,,-4.792507707351845e-08
predicate_permutation,0.05789777805170895,0.20375271088953428,0.8745873001606607,2.0,True,0.3983219846771945,,19.0,,-2.625443737414024e-09
predicate_permutation,0.0578977310197558,0.2037523592482814,0.8745873624033028,2.0,True,0.3981727963858821,,20.0,,-4.9657396881952476e-08
predicate_permutation,0.05789778637403229,0.20375256251714996,0.8745874246459451,2.0,True,0.3981727963858821,,21.0,,5.696879606942318e-09
predicate_permutation,0.05789772529380914,0.2037524497639163,0.8745873001606608,2.0,True,0.39836652388216354,,22.0,,-5.5383343543213837e-08
predicate_permutation,0.05789772066129114,0.20375249566637407,0.8745869267048074,2.0,True,0.3980845214574191,,23.0,,-6.001586154436023e-08
predicate_permutation,0.057897768557345,0.2037524670429372,0.8745877981017985,2.0,True,0.3981727963858821,,24.0,,-1.2119807685229134e-08
predicate_permutation,0.057897741982693804,0.20375236785260653,0.8745872379180184,2.0,True,0.39836652388216354,,25.0,,-3.8694458880106364e-08
predicate_permutation,0.05789779181556474,0.20375251821277604,0.8745873624033029,2.0,True,0.3981394134735269,,26.0,,1.1138412053801616e-08
predicate_permutation,0.05789774232728507,0.2037524670636381,0.8745874246459452,2.0,True,0.3983219846771945,,27.0,,-3.834986761486192e-08
predicate_permutation,0.05789771149569845,0.20375250252752117,0.8745872379180184,2.0,True,0.39842700263770947,,28.0,,-6.91814542319591e-08
predicate_permutation,0.057897760471747745,0.2037524157048939,0.8745872379180183,2.0,True,0.39842700263770947,,29.0,,-2.020540493946621e-08
predicate_permutation,0.05789777817157142,0.20375265358490602,0.8745873001606606,2.0,True,0.3983219846771945,,30.0,,-2.5055812633012486e-09
predicate_permutation,0.05789773830985771,0.20375246745299117,0.8745871756753762,2.0,True,0.3981394134735269,,31.0,,-4.2367294970924174e-08
predicate_permutation,0.05789771082661282,0.20375228100541307,0.8745875491312297,2.0,True,0.39856377612659377,,32.0,,-6.98505398660787e-08
predicate_permutation,0.0578977218063063,0.2037524185120614,0.8745871756753762,2.0,True,0.39856377612659377,,33.0,,-5.887084638528384e-08
predicate_permutation,0.05789772604451737,0.20375237907474858,0.8745874868885875,2.0,True,0.39842700263770947,,34.0,,-5.4632635311524513e-08
predicate_permutation,0.05789777678778919,0.20375264639850496,0.8745869889474495,2.0,True,0.39856377612659377,,35.0,,-3.889363490994224e-09
predicate_permutation,0.057897750029055575,0.20375247726768472,0.8745869267048073,2.0,True,0.39842700263770947,,36.0,,-3.0648097108787464e-08
predicate_permutation,0.05789767963566762,0.2037523227009048,0.8745875491312296,2.0,True,0.3981394134735269,,37.0,,-1.0104148506079325e-07
predicate_permutation,0.057897736822755744,0.20375260622513708,0.8745869267048073,2.0,True,0.39813495210216154,,38.0,,-4.385439694026827e-08
predicate_permutation,0.05789775599122701,0.20375238730616924,0.8745877358591563,2.0,True,0.39813495210216154,,39.0,,-2.4685925671674713e-08
predicate_permutation,0.05789769728008686,0.20375227447782426,0.8745874868885875,2.0,True,0.39842700263770947,,40.0,,-8.33970658226102e-08
predicate_permutation,0.05789773122618232,0.20375259565992285,0.874587113432734,2.0,True,0.39856377612659377,,41.0,,-4.9450970367181935e-08
predicate_permutation,0.05789772562124148,0.20375230259621055,0.8745871134327341,2.0,True,0.39856377612659377,,42.0,,-5.50559112050264e-08
predicate_permutation,0.05789764926637538,0.20375227750138306,0.8745878603444409,2.0,True,0.3980845214574191,,43.0,,-1.3141077730149942e-07
predicate_permutation,0.05789780022677097,0.20375273817206596,0.8745864287636694,2.0,True,0.39856377612659377,,44.0,,1.9549618285319426e-08
predicate_permutation,0.05789768406182122,0.20375226719000947,0.8745876736165142,2.0,True,0.3981394134735269,,45.0,,-9.661533146437806e-08
predicate_permutation,0.057897785302040365,0.2037525260140943,0.8745871756753762,2.0,True,0.3983219846771945,,46.0,,4.624887681159429e-09
predicate_permutation,0.057897733680179087,0.20375224320672056,0.8745871756753762,2.0,True,0.3983219846771945,,47.0,,-4.699697359750177e-08
predicate_permutation,0.05789770790438055,0.20375242656978523,0.8745876736165141,2.0,True,0.39856377612659377,,48.0,,-7.277277213474376e-08
predicate_permutation,0.057897791029299796,0.20375255188771246,0.8745878603444409,2.0,True,0.3983219846771945,,49.0,,1.035214711175847e-08
predicate_permutation,0.05789773737222126,0.203752400189301,0.8745877358591564,2.0,True,0.39856377612659377,,50.0,,-4.330493142551406e-08
predicate_permutation,0.057897743287643515,0.20375239104340628,0.8745877981017987,2.0,True,0.39836652388216354,,51.0,,-3.7389509169316604e-08
predicate_permutation,0.05789775293574614,0.2037525153614799,0.8745869889474495,2.0,True,0.39842700263770947,,52.0,,-2.77414065469328e-08
predicate_permutation,0.05789780237802245,0.20375272086269713,0.874586864462165,2.0,True,0.39856377612659377,,53.0,,2.1700869767826703e-08
predicate_permutation,0.057897725726146945,0.20375240600255606,0.8745873001606607,2.0,True,0.39856377612659377,,54.0,,-5.49510057387681e-08
predicate_permutation,0.05789765876888988,0.20375191515116886,0.8745887939840744,2.0,True,0.39836652388216354,,55.0,,-1.2190826280400469e-07
predicate_permutation,0.05789774827773039,0.20375209217392834,0.8745874246459453,2.0,True,0.3977159220110673,,56.0,,-3.2399422290885216e-08
predicate_permutation,0.05789774213443403,0.20375249997053596,0.8745869889474496,2.0,True,0.39856377612659377,,57.0,,-3.8542718655554253e-08
predicate_permutation,0.05789775988345151,0.20375244319652583,0.874587611373872,2.0,True,0.39856377612659377,,58.0,,-2.07937011706405e-08
predicate_permutation,0.05789777559774301,0.2037525338187094,0.8745869889474495,2.0,True,0.3983219846771945,,59.0,,-5.079409670649682e-09
predicate_permutation,0.05789767736018396,0.2037521963652761,0.8745876113738718,2.0,True,0.39769806663731466,,60.0,,-1.0331696872339924e-07
predicate_permutation,0.05789769589261222,0.20375241261270452,0.8745875491312296,2.0,True,0.39856377612659377,,61.0,,-8.478454046473294e-08
predicate_permutation,0.05789776913976839,0.20375250791955438,0.8745876736165141,2.0,True,0.39804892619425425,,62.0,,-1.1537384290993824e-08
predicate_permutation,0.05789779863115949,0.20375257739931277,0.8745871756753762,2.0,True,0.3977912505768799,,63.0,,1.7954006809040024e-08
predicate_permutation,0.05789779250181325,0.20375251338272743,0.8745869267048072,2.0,True,0.39856377612659377,,64.0,,1.1824660563208855e-08
predicate_permutation,0.05789774409229484,0.2037521197865788,0.8745881093150097,2.0,True,0.39842700263770947,,65.0,,-3.658485784457932e-08
predicate_permutation,0.05789772412468269,0.20375248266140183,0.8745876736165141,2.0,True,0.39842700263770947,,66.0,,-5.6552469991644205e-08
predicate_permutation,0.05789780639591021,0.20375267373712416,0.8745873001606606,2.0,True,0.39842700263770947,,67.0,,2.5718757526438374e-08
predicate_permutation,0.05789774307680895,0.20375245884739493,0.8745867399768806,2.0,True,0.39836652388216354,,68.0,,-3.76003437344008e-08
predicate_permutation,0.057897712228001226,0.20375235181808352,0.8745875491312296,2.0,True,0.39856377612659377,,69.0,,-6.844915145798325e-08
predicate_permutation,0.057897753214980835,0.20375233225061884,0.8745878603444408,2.0,True,0.3981727963858821,,70.0,,-2.746217184906863e-08
predicate_permutation,0.05789776006638605,0.20375228774459883,0.8745875491312296,2.0,True,0.39779742020350795,,71.0,,-2.0610766635065225e-08
predicate_permutation,0.057897755834669086,0.2037522908850587,0.8745875491312297,2.0,True,0.39842700263770947,,72.0,,-2.4842483598019882e-08
predicate_permutation,0.05789772504958212,0.2037525149248804,0.8745869889474495,2.0,True,0.39842700263770947,,73.0,,-5.562757056376544e-08
predicate_permutation,0.057897728391674265,0.2037524463069751,0.8745879225870831,2.0,True,0.3980845214574191,,74.0,,-5.228547841906739e-08
predicate_permutation,0.05789774354289476,0.2037523889208554,0.8745877981017987,2.0,True,0.39836652388216354,,75.0,,-3.713425792556402e-08
predicate_permutation,0.05789774823528573,0.20375255639975554,0.8745876113738718,2.0,True,0.39813495210216154,,76.0,,-3.24418669567228e-08
predicate_permutation,0.05789776102637167,0.20375258260690599,0.874587611373872,2.0,True,0.3981727963858821,,77.0,,-1.9650781016289365e-08
predicate_permutation,0.057897752185798276,0.20375257406793515,0.8745873624033029,2.0,True,0.39842700263770947,,78.0,,-2.849135440768924e-08
predicate_permutation,0.057897733689023644,0.2037525805439656,0.8745880470723675,2.0,True,0.3983219846771945,,79.0,,-4.698812904047056e-08
predicate_permutation,0.05789777354649084,0.2037525231235651,0.8745874246459452,2.0,True,0.39856377612659377,,80.0,,-7.130661845711206e-09
predicate_permutation,0.057897734432172665,0.2037523741135704,0.8745877358591563,2.0,True,0.3980845214574191,,81.0,,-4.624498001898347e-08
predicate_permutation,0.0578976837333137,0.20375239785366556,0.8745874868885873,2.0,True,0.3981394134735269,,82.0,,-9.694383898417591e-08
predicate_permutation,0.0578977404479499,0.20375237572863247,0.8745875491312297,2.0,True,0.39856377612659377,,83.0,,-4.022920278151654e-08
predicate_permutation,0.05789772563634273,0.20375234678824652,0.8745876113738719,2.0,True,0.39856377612659377,,84.0,,-5.5040809951445446e-08
predicate_permutation,0.05789775528720856,0.2037525179467644,0.8745871134327341,2.0,True,0.3980715200862164,,85.0,,-2.5389944126319453e-08
predicate_permutation,0.057897707404287437,0.20375239413076776,0.8745871756753761,2.0,True,0.39856377612659377,,86.0,,-7.327286524749788e-08
predicate_permutation,0.05789778216586668,0.20375267918101142,0.8745869267048073,2.0,True,0.39842700263770947,,87.0,,1.4887139992980636e-09
predicate_permutation,0.0578977125238303,0.20375246640578476,0.8745873624033029,2.0,True,0.39836652388216354,,88.0,,-6.81533223814701e-08
predicate_permutation,0.05789776642571893,0.2037524725768992,0.8745869267048072,2.0,True,0.3983219846771945,,89.0,,-1.4251433755330112e-08
predicate_permutation,0.05789772742730265,0.20375234047047916,0.8745875491312295,2.0,True,0.3981394134735269,,90.0,,-5.3249850036352075e-08
predicate_permutation,0.057897777411693205,0.20375267587677068,0.8745870511900917,2.0,True,0.39813495210216154,,91.0,,-3.265459479206978e-09
predicate_permutation,0.05789780867753332,0.20375261783496604,0.8745873001606608,2.0,True,0.39842700263770947,,92.0,,2.8000380639103817e-08
predicate_permutation,0.05789770417993837,0.2037523456558652,0.8745873001606608,2.0,True,0.39836652388216354,,93.0,,-7.649721431302048e-08
predicate_permutation,0.05789770923031404,0.20375239186747557,0.8745874246459452,2.0,True,0.3980715200862164,,94.0,,-7.144683864673818e-08
predicate_permutation,0.05789777744861144,0.20375266341713769,0.874586864462165,2.0,True,0.39836652388216354,,95.0,,-3.2285412468469055e-09
predicate_permutation,0.05789776366760736,0.20375250817797974,0.8745875491312296,2.0,True,0.39836652388216354,,96.0,,-1.70095453208563e-08
predicate_permutation,0.05789763415436047,0.20375214515785084,0.874588171557652,2.0,True,0.39842700263770947,,97.0,,-1.4652279221177844e-07
predicate_permutation,0.05789775898312269,0.20375245598867558,0.8745871756753761,2.0,True,0.39856377612659377,,98.0,,-2.1694029996022213e-08
predicate_permutation,0.057897770780301575,0.20375262683106576,0.8745868022195227,2.0,True,0.39856377612659377,,99.0,,-9.896851109469917e-09
confidence_boost,0.057897605592993555,0.20375170283008606,0.8745891051972856,2.0,False,,,,,-1.7508415912914632e-07
symbolic_confidence_scale,0.057897743879009075,0.2037523841513783,0.8745873624033029,2.0,True,0.6985615626429447,,,0.5,-3.679814360862954e-08
symbolic_confidence_scale,0.05789770328613617,0.20375218839457893,0.8745882960429365,2.0,True,0.5485623683350586,,,0.75,-7.739101651194069e-08
symbolic_confidence_scale,0.057896337296852514,0.20374607490353036,0.8745997486891076,2.0,True,0.24856686358369617,,,1.25,-1.443380300170105e-06
symbolic_confidence_scale,0.057894731141727475,0.20374092810742206,0.8746029853065039,2.0,True,0.0985790818013863,,,1.5,-3.0495354252091378e-06
rule_removed:rule_lactate,0.057897688613803115,0.2037522752846027,0.874587922587083,2.0,True,0.39856377612659377,,,,-9.206334956879392e-08
rule_removed:rule_hypotension,0.05789770156480209,0.20375200858101805,0.8745879225870831,2.0,True,0.39856377612659377,,,,-7.911235059415711e-08
rule_removed:rule_age,0.05789760258357491,0.20375170191337227,0.8745889807120011,2.0,True,0.3488204040637297,,,,-1.780935777739856e-07
rule_removed:rule_creatinine,0.057897604677481306,0.203751680463385,0.8745891674399279,2.0,True,0.39856377612659377,,,,-1.759996713784906e-07
