scenario,mask_rate,variant,masked_observed_cells,retuned,error_detection_auroc,selective_risk_area,auc,pr_auc,brier,log_loss,accuracy,ece,ece_15,ece_quantile_10,calibration_intercept,calibration_slope,sensitivity_0.1,specificity_0.1,ppv_0.1,npv_0.1,sensitivity_0.2,specificity_0.2,ppv_0.2,npv_0.2,sensitivity_0.5,specificity_0.5,ppv_0.5,npv_0.5,unmasked_brier,brier_degradation
random,0.0,baseline,0,False,0.8406068264454639,0.01838777720418698,0.8759252057555025,0.5042973785959728,0.0579262064894184,0.2037794383214066,0.9256942003514939,0.0064877739540286925,0.007584342453689764,0.0061585164821428146,0.040446594117705285,1.0716558058561345,0.7655618431689571,0.8048968278410841,0.27204826199368,0.9730081906180194,0.5957962813257882,0.9190791499846012,0.4121923937360179,0.9597973787890971,0.27566693613581245,0.9876039421004004,0.6792828685258964,0.9347081541936895,0.0579262064894184,0.0
random,0.0,mc_confidence_only,0,False,0.8403929280656822,0.018387712932151655,0.8758470289968552,0.5041849067297187,0.05793091267786392,0.20379091606857316,0.9257644991212653,0.006276497813092972,0.00725098405175659,0.005781035143971183,0.03974416937817481,1.0696455539578829,0.7631366208569119,0.8054357868801971,0.27196773264188995,0.9727543239724754,0.5957962813257882,0.9192331382814906,0.41265397536394177,0.9598038427526329,0.27566693613581245,0.9876809362488451,0.6806387225548902,0.9347129116875547,0.05793091267786392,0.0
random,0.0,nars_gated,0,False,0.8403929280656822,0.018387712932151655,0.8758480871217732,0.5041927125935523,0.0579304617363942,0.20378956533555823,0.9257644991212653,0.006277322734073634,0.007158157013428949,0.005781538271617105,0.03977214357472705,1.0696730380818613,0.7639450282942603,0.8054357868801971,0.2721774193548387,0.9728447875011624,0.5957962813257882,0.9192331382814906,0.41265397536394177,0.9598038427526329,0.27566693613581245,0.9876809362488451,0.6806387225548902,0.9347129116875547,0.0579304617363942,0.0
random,0.0,nars_imputed_rules,0,False,0.8403929280656822,0.018387712932151655,0.8758481493644156,0.5041949675865529,0.05793052333761969,0.20378964843763633,0.9257644991212653,0.0062777542530637895,0.007158602596446474,0.005781248980734455,0.03974902512630719,1.06966603908561,0.7639450282942603,0.8054357868801971,0.2721774193548387,0.9728447875011624,0.5957962813257882,0.9192331382814906,0.41265397536394177,0.9598038427526329,0.27566693613581245,0.9876809362488451,0.6806387225548902,0.9347129116875547,0.05793052333761969,0.0
random,0.1,baseline,18941,False,0.8427013882597428,0.018921319993863314,0.871168249580049,0.48514334754626504,0.05907472573038777,0.20733255379982202,0.923444639718805,0.0069758752082833405,0.008151119858467785,0.006037619750661056,0.09613997541994751,1.0667368039377592,0.746160064672595,0.8142901139513397,0.2767616191904048,0.9711662075298438,0.5739692805173807,0.9251616877117339,0.4221165279429251,0.9579845332057721,0.24171382376717865,0.9883738835848476,0.6644444444444444,0.9319056261343013,0.0579262064894184,0.00114851924096937
random,0.1,mc_confidence_only,18941,False,0.8427252259053831,0.01891960750969249,0.8710715867566579,0.48507188450692873,0.05908035774105109,0.2073548278569286,0.923444639718805,0.00671419037210814,0.008058880591233117,0.006407838176555069,0.09492888477826852,1.0645959317980136,0.746160064672595,0.8145210963966738,0.2770108043217287,0.9711741485357569,0.5731608730800324,0.9252386818601787,0.4220238095238095,0.9579115185332802,0.2425222312045271,0.9882968894364028,0.6637168141592921,0.9319683438611777,0.05793091267786392,0.0011494450631871697
random,0.1,nars_gated,18941,False,0.8427252259053831,0.01891960750969249,0.8710725826389336,0.4850645907236856,0.059079949416587285,0.2073534240648846,0.923444639718805,0.00671466716008989,0.008058836519752685,0.00640787741387013,0.09495126523624517,1.0646182705206102,0.746160064672595,0.8145210963966738,0.2770108043217287,0.9711741485357569,0.5731608730800324,0.9252386818601787,0.4220238095238095,0.9579115185332802,0.2425222312045271,0.9882968894364028,0.6637168141592921,0.9319683438611777,0.0579304617363942,0.001149487680193087
random,0.1,nars_imputed_rules,18941,False,0.8427252259053831,0.01891960750969249,0.8710727693668604,0.4850607906207214,0.059080057754571834,0.2073536097997752,0.923444639718805,0.006714904351079498,0.008058933534962993,0.006407536670244483,0.09493040962642668,1.0646124842948543,0.746160064672595,0.8145210963966738,0.2770108043217287,0.9711741485357569,0.5731608730800324,0.9252386818601787,0.4220238095238095,0.9579115185332802,0.2425222312045271,0.9882968894364028,0.6637168141592921,0.9319683438611777,0.05793052333761969,0.001149534416952147
random,0.3,baseline,56467,False,0.8207116063935567,0.02244589854743134,0.8445131492561132,0.44397036553031277,0.06188180700619241,0.2198611508240059,0.9208435852372584,0.00593509530324199,0.00606189134018729,0.006510169721663732,0.11641603184746122,1.0194165343714399,0.6806790622473726,0.8261472128118263,0.27161290322580645,0.964494382022472,0.49474535165723527,0.9360948567908839,0.42441054091539526,0.9511069389032308,0.19240097008892482,0.9902217431475208,0.6520547945205479,0.9279220779220779,0.0579262064894184,0.003955600516774009
random,0.3,mc_confidence_only,56467,False,0.8215175352343493,0.022451814072428963,0.8444509688565205,0.4440166420976172,0.06188685674962336,0.2198952016642838,0.9205623901581722,0.006456470283577114,0.006261252344270789,0.006729237705365545,0.11536631795688558,1.0174033131204359,0.6798706548100243,0.8264551894056051,0.27172859450726977,0.9644204851752022,0.4931285367825384,0.9361718509393286,0.42390548992355803,0.9509619896762084,0.19320937752627323,0.9898367724052972,0.6442048517520216,0.927963043164429,0.05793091267786392,0.003955944071759442
random,0.3,nars_gated,56467,False,0.8215175352343493,0.022451814072428963,0.8444542677165588,0.44400792296151576,0.06188658570796679,0.21989399860685674,0.9205623901581722,0.006376351584505224,0.006260489968416809,0.006728788415898015,0.1153743883033018,1.0174154268084095,0.6798706548100243,0.8264551894056051,0.27172859450726977,0.9644204851752022,0.4931285367825384,0.9361718509393286,0.42390548992355803,0.9509619896762084,0.19320937752627323,0.9898367724052972,0.6442048517520216,0.927963043164429,0.0579304617363942,0.003956123971572592
random,0.3,nars_imputed_rules,56467,False,0.8215175352343493,0.022451814072428963,0.8444542677165588,0.44399647958992305,0.06188657791204538,0.21989412162029082,0.9205623901581722,0.006375581841744653,0.006259828254672969,0.006728189605031037,0.11534920260992462,1.0174104935884314,0.6798706548100243,0.8264551894056051,0.27172859450726977,0.9644204851752022,0.4931285367825384,0.9361718509393286,0.42390548992355803,0.9509619896762084,0.19320937752627323,0.9898367724052972,0.6442048517520216,0.927963043164429,0.05793052333761969,0.003956054574425695
random,0.5,baseline,94557,False,0.7805653871759457,0.02875420838242699,0.8052394735865878,0.38322513141753933,0.06583022246253915,0.2375083517363963,0.918804920913884,0.01180141226803474,0.01146983650019491,0.011107104209719759,0.09690774470659996,0.9592055474181964,0.6006467259498788,0.8332306744687403,0.2554142316947405,0.956344998232591,0.3928860145513339,0.9459501077918078,0.4090909090909091,0.9423947227122804,0.13096200485044462,0.9938404681244225,0.6694214876033058,0.9231209325609668,0.0579262064894184,0.007904015973120751
random,0.5,mc_confidence_only,94557,False,0.7805653871759457,0.02875420838242699,0.8053366343511167,0.38325877096133537,0.06583019813732421,0.23751992043988357,0.918804920913884,0.011981910195973474,0.011653784730917098,0.011277929250206983,0.09644468386580754,0.9575763058487718,0.6006467259498788,0.833615645210964,0.2558539944903581,0.9563642787739599,0.3920776071139854,0.9460271019402525,0.40893760539629004,0.9423268655571746,0.13096200485044462,0.9938404681244225,0.6694214876033058,0.9231209325609668,0.05793091267786392,0.007899285459460295
random,0.5,nars_gated,94557,False,0.7805653871759457,0.02875420838242699,0.8053385016303838,0.38326053530575976,0.06583009462820684,0.23751936465051793,0.918804920913884,0.011981148381305736,0.011652979588858723,0.011277014698360066,0.09642722319940629,0.957574971291211,0.6006467259498788,0.833615645210964,0.2558539944903581,0.9563642787739599,0.3920776071139854,0.9460271019402525,0.40893760539629004,0.9423268655571746,0.13096200485044462,0.9938404681244225,0.6694214876033058,0.9231209325609668,0.0579304617363942,0.007899632891812641
random,0.5,nars_imputed_rules,94557,False,0.7805653871759457,0.02875420838242699,0.8053376924760347,0.38325346072158595,0.06583020321843266,0.2375196818433547,0.918804920913884,0.011980155931993577,0.011652107236974456,0.011276012609944767,0.09640310870312178,0.9575714764215334,0.6006467259498788,0.833615645210964,0.2558539944903581,0.9563642787739599,0.3920776071139854,0.9460271019402525,0.40893760539629004,0.9423268655571746,0.13096200485044462,0.9938404681244225,0.6694214876033058,0.9231209325609668,0.05793052333761969,0.007899679880812978
random,0.7,baseline,132245,False,0.7290751358622871,0.03928467131724337,0.7385454865494895,0.2802594679616544,0.07181955329891636,0.2638123448915246,0.9144463971880492,0.017003648679483518,0.017369287405730818,0.015529082955307076,-0.17278266186710523,0.8139889549031664,0.48423605497170574,0.8347705574376347,0.21821493624772315,0.944425087108014,0.2853678253839935,0.9522636279642747,0.36279547790339156,0.9332930878357983,0.07518189167340339,0.9943794271635356,0.5602409638554217,0.9186286364606302,0.0579262064894184,0.013893346809497956
random,0.7,mc_confidence_only,132245,False,0.7288108485623315,0.03928352040452007,0.7387788342152285,0.2804017280218141,0.07181523088523704,0.2638145918029375,0.9145166959578207,0.017212659882404373,0.017547508729511385,0.015695759971269516,-0.1716204266698563,0.8133563508893401,0.48423605497170574,0.8353095164767478,0.218772826880935,0.9444589535997214,0.2853678253839935,0.9524176162611642,0.3635427394438723,0.9333031537649011,0.07518189167340339,0.9944564213119803,0.5636363636363636,0.9186344238975818,0.05793091267786392,0.013884318207373125
random,0.7,nars_gated,132245,False,0.7288108485623315,0.03928352040452007,0.7387812616782756,0.2803947067044658,0.07181510371222827,0.2638136329532123,0.9145166959578207,0.017212396296206123,0.0175470222065141,0.015694932407591733,-0.17162836171393886,0.8133575152952596,0.48423605497170574,0.8353095164767478,0.218772826880935,0.9444589535997214,0.2853678253839935,0.9523406221127194,0.3631687242798354,0.9332981211801101,0.07518189167340339,0.9944564213119803,0.5636363636363636,0.9186344238975818,0.0579304617363942,0.01388464197583407
random,0.7,nars_imputed_rules,132245,False,0.7288108485623315,0.03928352040452007,0.7387806392518534,0.2803980597255896,0.07181518528582047,0.2638139206025349,0.9145166959578207,0.01721108381336479,0.017545654645359246,0.015693452635658897,-0.17166269405964193,0.8133518719185491,0.48423605497170574,0.8353095164767478,0.218772826880935,0.9444589535997214,0.2853678253839935,0.9523406221127194,0.3631687242798354,0.9332981211801101,0.07518189167340339,0.9944564213119803,0.5636363636363636,0.9186344238975818,0.05793052333761969,0.013884661948200781
feature_dependent,0.0,baseline,0,False,0.8406068264454639,0.01838777720418698,0.8759252057555025,0.5042973785959728,0.0579262064894184,0.2037794383214066,0.9256942003514939,0.0064877739540286925,0.007584342453689764,0.0061585164821428146,0.040446594117705285,1.0716558058561345,0.7655618431689571,0.8048968278410841,0.27204826199368,0.9730081906180194,0.5957962813257882,0.9190791499846012,0.4121923937360179,0.9597973787890971,0.27566693613581245,0.9876039421004004,0.6792828685258964,0.9347081541936895,0.0579262064894184,0.0
feature_dependent,0.0,mc_confidence_only,0,False,0.8403929280656822,0.018387712932151655,0.8758470289968552,0.5041849067297187,0.05793091267786392,0.20379091606857316,0.9257644991212653,0.006276497813092972,0.00725098405175659,0.005781035143971183,0.03974416937817481,1.0696455539578829,0.7631366208569119,0.8054357868801971,0.27196773264188995,0.9727543239724754,0.5957962813257882,0.9192331382814906,0.41265397536394177,0.9598038427526329,0.27566693613581245,0.9876809362488451,0.6806387225548902,0.9347129116875547,0.05793091267786392,0.0
feature_dependent,0.0,nars_gated,0,False,0.8403929280656822,0.018387712932151655,0.8758480871217732,0.5041927125935523,0.0579304617363942,0.20378956533555823,0.9257644991212653,0.006277322734073634,0.007158157013428949,0.005781538271617105,0.03977214357472705,1.0696730380818613,0.7639450282942603,0.8054357868801971,0.2721774193548387,0.9728447875011624,0.5957962813257882,0.9192331382814906,0.41265397536394177,0.9598038427526329,0.27566693613581245,0.9876809362488451,0.6806387225548902,0.9347129116875547,0.0579304617363942,0.0
feature_dependent,0.0,nars_imputed_rules,0,False,0.8403929280656822,0.018387712932151655,0.8758481493644156,0.5041949675865529,0.05793052333761969,0.20378964843763633,0.9257644991212653,0.0062777542530637895,0.007158602596446474,0.005781248980734455,0.03974902512630719,1.06966603908561,0.7639450282942603,0.8054357868801971,0.2721774193548387,0.9728447875011624,0.5957962813257882,0.9192331382814906,0.41265397536394177,0.9598038427526329,0.27566693613581245,0.9876809362488451,0.6806387225548902,0.9347129116875547,0.05793052333761969,0.0
feature_dependent,0.1,baseline,18979,False,0.8375915992160321,0.019563753673694645,0.8680395609254634,0.4817749090596904,0.059315945668801134,0.20868567458403653,0.9236555360281196,0.006657209223377996,0.006815714116024739,0.006122661746032528,0.08768802138747406,1.0610016302670284,0.7413096200485044,0.8140591315060055,0.27521008403361347,0.9706233360873956,0.5666936135812449,0.9244687403757315,0.4167657550535077,0.9572670015147892,0.2392886014551334,0.9888358484755159,0.671201814058957,0.9317324434126524,0.0579262064894184,0.0013897391793827318
feature_dependent,0.1,mc_confidence_only,18979,False,0.8376157775825753,0.019562021347229015,0.8679511141308475,0.4817115940298308,0.059321766495991315,0.20870870419154391,0.9236555360281196,0.006492163353152425,0.006822205896459876,0.006067451833474676,0.08644598573770292,1.0588956946703816,0.7413096200485044,0.8145980905451186,0.27578947368421053,0.9706422018348624,0.5666936135812449,0.9246227286726209,0.4172619047619048,0.9572738142686329,0.2400970088924818,0.9887588543270711,0.6704288939051919,0.9317950950515165,0.05793091267786392,0.0013908538181273966
feature_dependent,0.1,nars_gated,18979,False,0.8376157775825753,0.019562021347229015,0.8679527324395455,0.48170470577264685,0.05932135295523468,0.20870726096342307,0.9236555360281196,0.0065910399217733884,0.006822214532684254,0.006067620551228907,0.08647017042097811,1.0589189778291395,0.7413096200485044,0.8145980905451186,0.27578947368421053,0.9706422018348624,0.5666936135812449,0.9246227286726209,0.4172619047619048,0.9572738142686329,0.2400970088924818,0.9887588543270711,0.6704288939051919,0.9317950950515165,0.0579304617363942,0.0013908912188404787
feature_dependent,0.1,nars_imputed_rules,18979,False,0.8376157775825753,0.019562021347229015,0.8679529191674723,0.48169922973017937,0.059321423893117856,0.2087073061630161,0.9236555360281196,0.006591359489834403,0.006822435687353791,0.006067349514998937,0.08645182882646911,1.0589141596930791,0.7413096200485044,0.8145980905451186,0.27578947368421053,0.9706422018348624,0.5666936135812449,0.9246227286726209,0.4172619047619048,0.9572738142686329,0.2400970088924818,0.9887588543270711,0.6704288939051919,0.9317950950515165,0.05793052333761969,0.0013909005554981688
feature_dependent,0.3,baseline,56866,False,0.8193580551325659,0.02259639002824792,0.8444859492214567,0.4404932799889238,0.06209731175702976,0.22044480007098757,0.9214059753954306,0.005127236235275578,0.005031821393162861,0.00723798730172327,0.15095494288879016,1.040651290169864,0.6839126919967664,0.8242223591007084,0.27037392138063276,0.9647620764239365,0.4858528698464026,0.9365568216815522,0.42175438596491227,0.9503125,0.18674211802748586,0.9913766553741915,0.673469387755102,0.9275320558997263,0.0579262064894184,0.004171105267611358
feature_dependent,0.3,mc_confidence_only,56866,False,0.8195923130119203,0.022595627455613165,0.8444714466858158,0.4404910064263236,0.062100110298198175,0.2204522871371991,0.9213356766256591,0.00531845556730446,0.00530363774151449,0.00717360305432024,0.1500698990732719,1.0387894663565067,0.683104284559418,0.8243763473975978,0.2703134996801024,0.9646815028380935,0.4834276475343573,0.9366338158299969,0.42083040112596765,0.9500937207122774,0.18755052546483428,0.9912226670773021,0.6705202312138728,0.9275884429713956,0.05793091267786392,0.004169197620334256
feature_dependent,0.3,nars_gated,56866,False,0.8195923130119203,0.022595627455613165,0.8444751190017076,0.4404758108878806,0.06209973458900134,0.22045078857935851,0.9213356766256591,0.005218806045116528,0.0053025996526672725,0.007172636653087096,0.15007331179728373,1.0388016503795854,0.683104284559418,0.8243763473975978,0.2703134996801024,0.9646815028380935,0.4834276475343573,0.9366338158299969,0.42083040112596765,0.9500937207122774,0.18755052546483428,0.9912226670773021,0.6705202312138728,0.9275884429713956,0.0579304617363942,0.004169272852607139
feature_dependent,0.3,nars_imputed_rules,56866,False,0.8195923130119203,0.022595627455613165,0.8444756791854877,0.44048408010575646,0.06209974424800221,0.2204508216048881,0.9213356766256591,0.005217986637451731,0.005302030692656596,0.0071719019231087,0.15004695161650738,1.038795421858256,0.683104284559418,0.8243763473975978,0.2703134996801024,0.9646815028380935,0.4834276475343573,0.9366338158299969,0.42083040112596765,0.9500937207122774,0.18755052546483428,0.9912226670773021,0.6705202312138728,0.9275884429713956,0.05793052333761969,0.004169220910382521
feature_dependent,0.5,baseline,94829,False,0.7746773702294922,0.03039759453094039,0.7906822266633039,0.3543313163865349,0.06741645545376422,0.24343573008396346,0.9169771528998243,0.010592644677583505,0.010043454770184906,0.009331338284562932,0.005618618915459034,0.9357201392935024,0.5909458367016976,0.8179088389282414,0.2361111111111111,0.9545332015455117,0.3831851253031528,0.9421773945180166,0.38693877551020406,0.9413076923076923,0.11479385610347616,0.9933785032337542,0.6228070175438597,0.9217689504893906,0.0579262064894184,0.009490248964345818
feature_dependent,0.5,mc_confidence_only,94829,False,0.7746477044672094,0.030399896394255055,0.7907836199275048,0.35446649104705985,0.06741483955651045,0.2434416276500405,0.9169771528998243,0.010937948836611394,0.010167909408191783,0.00959962965813965,0.005528175452153786,0.9342609565710294,0.5893290218270008,0.8185247921157992,0.23622812702527543,0.9543944698805997,0.38237671786580435,0.9427163535571297,0.3886606409202958,0.9412669126691267,0.11560226354082458,0.9933015090853096,0.6217391304347826,0.9218292247231153,0.05793091267786392,0.009483926878646534
feature_dependent,0.5,nars_gated,94829,False,0.7746477044672094,0.030399896394255055,0.7907848025377071,0.3544637858657172,0.0674145922627776,0.24344068070338143,0.9169771528998243,0.01090915941801197,0.010166817354891713,0.009598620267868823,0.005507477092008942,0.9342599914335287,0.5893290218270008,0.8185247921157992,0.23622812702527543,0.9543944698805997,0.38237671786580435,0.9426393594086849,0.38834154351395733,0.9412623971707542,0.11560226354082458,0.9933015090853096,0.6217391304347826,0.9218292247231153,0.0579304617363942,0.009484130526383402
feature_dependent,0.5,nars_imputed_rules,94829,False,0.7746477044672094,0.030399896394255055,0.7907838066554314,0.354462640085104,0.06741467190693307,0.2434408535662224,0.9169771528998243,0.010908666361920574,0.010165922537452458,0.009597970456127506,0.005479629959310166,0.934254301086644,0.5893290218270008,0.8185247921157992,0.23622812702527543,0.9543944698805997,0.38237671786580435,0.9426393594086849,0.38834154351395733,0.9412623971707542,0.11560226354082458,0.9933015090853096,0.6217391304347826,0.9218292247231153,0.05793052333761969,0.009484148569313379
feature_dependent,0.7,baseline,131903,False,0.7129673328669303,0.041781977192163214,0.7211241444437612,0.2495471408852099,0.07333750478752168,0.2685133707660287,0.9142355008787346,0.013394475839101153,0.012816152145799509,0.012559956057095556,-0.3047093055491222,0.7982955325086731,0.5028294260307195,0.7940406529103788,0.1886563542614498,0.9437225475841874,0.25788197251414713,0.9420234062211272,0.29757462686567165,0.9302060366456322,0.05335489086499596,0.9962272867262089,0.5739130434782609,0.9170092133238837,0.0579262064894184,0.015411298298103282
feature_dependent,0.7,mc_confidence_only,131903,False,0.7126777607659341,0.041781917866217363,0.7213276156412275,0.24969789155490088,0.07333314035148684,0.26851665153623194,0.9143057996485061,0.013428224019781608,0.01280269107083453,0.012651185282338438,-0.30366277467863606,0.7974909136840267,0.502021018593371,0.7949645826917154,0.18909866017052376,0.9436980166346769,0.2586903799514956,0.942331382814906,0.2993451824134705,0.9302979629066586,0.054163298302344384,0.9962272867262089,0.5775862068965517,0.9170742079523708,0.05793091267786392,0.015402227673622926
feature_dependent,0.7,nars_gated,131903,False,0.7126777607659341,0.041781917866217363,0.7213283003102919,0.24969223258783596,0.07333288676298787,0.2685155687059144,0.9143057996485061,0.013428883055990817,0.01280277621132369,0.012651796544670666,-0.30367481025042614,0.7974920892639001,0.502021018593371,0.7949645826917154,0.18909866017052376,0.9436980166346769,0.2586903799514956,0.942331382814906,0.2993451824134705,0.9302979629066586,0.054163298302344384,0.9962272867262089,0.5775862068965517,0.9170742079523708,0.0579304617363942,0.015402425026593669
feature_dependent,0.7,nars_imputed_rules,131903,False,0.7126777607659341,0.041781917866217363,0.7213283625529342,0.24968583664696026,0.07333299057148267,0.2685154328842004,0.9143057996485061,0.013429215234454655,0.012802434698843294,0.012652034307820186,-0.30370213998719664,0.7974878768661574,0.502021018593371,0.7949645826917154,0.18909866017052376,0.9436980166346769,0.2586903799514956,0.942331382814906,0.2993451824134705,0.9302979629066586,0.054163298302344384,0.9962272867262089,0.5775862068965517,0.9170742079523708,0.05793052333761969,0.01540246723386298
outcome_dependent_simulation,0.0,baseline,0,False,0.8406068264454639,0.01838777720418698,0.8759252057555025,0.5042973785959728,0.0579262064894184,0.2037794383214066,0.9256942003514939,0.0064877739540286925,0.007584342453689764,0.0061585164821428146,0.040446594117705285,1.0716558058561345,0.7655618431689571,0.8048968278410841,0.27204826199368,0.9730081906180194,0.5957962813257882,0.9190791499846012,0.4121923937360179,0.9597973787890971,0.27566693613581245,0.9876039421004004,0.6792828685258964,0.9347081541936895,0.0579262064894184,0.0
outcome_dependent_simulation,0.0,mc_confidence_only,0,False,0.8403929280656822,0.018387712932151655,0.8758470289968552,0.5041849067297187,0.05793091267786392,0.20379091606857316,0.9257644991212653,0.006276497813092972,0.00725098405175659,0.005781035143971183,0.03974416937817481,1.0696455539578829,0.7631366208569119,0.8054357868801971,0.27196773264188995,0.9727543239724754,0.5957962813257882,0.9192331382814906,0.41265397536394177,0.9598038427526329,0.27566693613581245,0.9876809362488451,0.6806387225548902,0.9347129116875547,0.05793091267786392,0.0
outcome_dependent_simulation,0.0,nars_gated,0,False,0.8403929280656822,0.018387712932151655,0.8758480871217732,0.5041927125935523,0.0579304617363942,0.20378956533555823,0.9257644991212653,0.006277322734073634,0.007158157013428949,0.005781538271617105,0.03977214357472705,1.0696730380818613,0.7639450282942603,0.8054357868801971,0.2721774193548387,0.9728447875011624,0.5957962813257882,0.9192331382814906,0.41265397536394177,0.9598038427526329,0.27566693613581245,0.9876809362488451,0.6806387225548902,0.9347129116875547,0.0579304617363942,0.0
outcome_dependent_simulation,0.0,nars_imputed_rules,0,False,0.8403929280656822,0.018387712932151655,0.8758481493644156,0.5041949675865529,0.05793052333761969,0.20378964843763633,0.9257644991212653,0.0062777542530637895,0.007158602596446474,0.005781248980734455,0.03974902512630719,1.06966603908561,0.7639450282942603,0.8054357868801971,0.2721774193548387,0.9728447875011624,0.5957962813257882,0.9192331382814906,0.41265397536394177,0.9598038427526329,0.27566693613581245,0.9876809362488451,0.6806387225548902,0.9347129116875547,0.05793052333761969,0.0
outcome_dependent_simulation,0.1,baseline,11002,False,0.8321347125344752,0.020360358280679853,0.860931637910151,0.4643852853175809,0.060481355979337854,0.21268229311618855,0.9226010544815466,0.005206689377689398,0.006767200597760182,0.00608727747703022,0.020489530533135673,1.021046503269377,0.725141471301536,0.811210348013551,0.2678411466109286,0.968738506803972,0.561034761519806,0.9206190329534956,0.4023188405797101,0.95656,0.23039611964430073,0.988527871881737,0.6566820276497696,0.9309694728446088,0.0579262064894184,0.002555149489919452
outcome_dependent_simulation,0.1,mc_confidence_only,11002,False,0.8321594192306959,0.020358564539798524,0.8608538968499995,0.4644029023703259,0.06048664652436899,0.21271163493521053,0.9226010544815466,0.005154749428714297,0.006789576722158699,0.0061238345323503,0.01931336609575665,1.0191496934054827,0.725141471301536,0.8114413304588851,0.2680812910938434,0.9687471274933358,0.5602263540824576,0.920773021250385,0.4024390243902439,0.9564904422938495,0.23120452708164915,0.9884508777332923,0.6559633027522935,0.9310319820146493,0.05793091267786392,0.002555733846505072
outcome_dependent_simulation,0.1,nars_gated,11002,False,0.8321594192306959,0.020358564539798524,0.8608548304896331,0.46440539747973325,0.060486129754083864,0.21271009625582837,0.9226010544815466,0.005252585877108387,0.0067898308604110585,0.0061236655196180104,0.01933422835565779,1.0191703253116018,0.725141471301536,0.8114413304588851,0.2680812910938434,0.9687471274933358,0.5602263540824576,0.920773021250385,0.4024390243902439,0.9564904422938495,0.23120452708164915,0.9884508777332923,0.6559633027522935,0.9310319820146493,0.0579304617363942,0.0025556680176896662
outcome_dependent_simulation,0.1,nars_imputed_rules,11002,False,0.8321594192306959,0.020358564539798524,0.860855079460202,0.4644018129321597,0.060486187166359895,0.21271013792294352,0.9226010544815466,0.005252581534565879,0.006790277641790889,0.006123156680613456,0.019314187933876136,1.019165120521551,0.725141471301536,0.8114413304588851,0.2680812910938434,0.9687471274933358,0.5602263540824576,0.920773021250385,0.4024390243902439,0.9564904422938495,0.23120452708164915,0.9884508777332923,0.6559633027522935,0.9310319820146493,0.05793052333761969,0.002555663828740208
outcome_dependent_simulation,0.3,baseline,33461,False,0.7991784104888107,0.026718903546894778,0.8152009105351646,0.3542296634441997,0.06756204003297796,0.2387088721224458,0.9152899824253076,0.013071250224183224,0.01409037360395753,0.012986619814868025,-0.1668658861772369,0.8614690450096832,0.6265157639450283,0.8171388974437943,0.24603174603174602,0.9582844243792326,0.4171382376717866,0.9276255004619649,0.3543956043956044,0.9435351241287493,0.1471301535974131,0.9884508777332923,0.5481927710843374,0.924062477506658,0.0579262064894184,0.009635833543559555
outcome_dependent_simulation,0.3,mc_confidence_only,33461,False,0.7995926359309008,0.02672217353277127,0.8152043338804877,0.35424552490176814,0.06756812032527341,0.23875522127888274,0.9151493848857645,0.013244373432460486,0.014250934313859327,0.012945076645443292,-0.16732208211077199,0.8600646147348157,0.6257073565076798,0.8175238681860179,0.24618320610687022,0.9582167674397618,0.41632983023443815,0.9277794887588543,0.35443909153475567,0.9434700908236768,0.1463217461600647,0.9883738835848476,0.5451807228915663,0.9239904988123515,0.05793091267786392,0.009637207647409496
outcome_dependent_simulation,0.3,nars_gated,33461,False,0.7995926359309008,0.02672217353277127,0.8152046450936987,0.35420046754875356,0.06756782198651896,0.2387543178902903,0.9151493848857645,0.013285917934959488,0.01425004151328401,0.012944855710441917,-0.16732241237696166,0.8600717693616652,0.6257073565076798,0.8175238681860179,0.24618320610687022,0.9582167674397618,0.41632983023443815,0.9277794887588543,0.35443909153475567,0.9434700908236768,0.1463217461600647,0.9883738835848476,0.5451807228915663,0.9239904988123515,0.0579304617363942,0.009637360250124766
outcome_dependent_simulation,0.3,nars_imputed_rules,33461,False,0.7995926359309008,0.02672217353277127,0.8152063878876815,0.35421125473686427,0.06756791064566878,0.2387541257653047,0.9151493848857645,0.013285769616616611,0.014249923338793994,0.012944890565115972,-0.16733367495561247,0.8600714097910116,0.6257073565076798,0.8175238681860179,0.24618320610687022,0.9582167674397618,0.41632983023443815,0.9277794887588543,0.35443909153475567,0.9434700908236768,0.1463217461600647,0.9883738835848476,0.5451807228915663,0.9239904988123515,0.05793052333761969,0.00963738730804909
outcome_dependent_simulation,0.5,baseline,55432,False,0.7360906771557568,0.03730851990586207,0.7472702244394988,0.2165925165107256,0.07636939275332476,0.2737291214409326,0.9095254833040421,0.03138844687125542,0.031388446871255624,0.03232723019378983,-0.5121262095118209,0.6570078954231903,0.4494745351657235,0.8236064059131506,0.19529329118370214,0.9401476533661451,0.2433306386418755,0.9337850323375424,0.25925925925925924,0.9283527250459277,0.06628940986257073,0.9898367724052972,0.38317757009345793,0.9175647705374349,0.0579262064894184,0.018443186263906355
outcome_dependent_simulation,0.5,mc_confidence_only,55432,False,0.7368448383839292,0.03731103888429771,0.7475380545290361,0.21673388390506776,0.07637082576969051,0.2737665574729428,0.9093145869947276,0.031471570584614444,0.03152391524538754,0.03231512404980065,-0.5110550106695878,0.656532267006639,0.4494745351657235,0.8239913766553741,0.1956368754398311,0.9401739436001054,0.2433306386418755,0.9339390206344318,0.25970664365832613,0.9283636920251033,0.06628940986257073,0.9896057899599631,0.3778801843317972,0.9175471159337522,0.05793091267786392,0.01843991309182659
outcome_dependent_simulation,0.5,nars_gated,55432,False,0.7368448383839292,0.03731103888429771,0.7475389259260273,0.2167418069319136,0.076370639047883,0.27376591202598244,0.9093145869947276,0.03147128397140911,0.031523424178891306,0.03231494920287435,-0.5110569978703112,0.6565356718287101,0.4494745351657235,0.8239913766553741,0.1956368754398311,0.9401739436001054,0.2433306386418755,0.9339390206344318,0.25970664365832613,0.9283636920251033,0.06628940986257073,0.9896057899599631,0.3778801843317972,0.9175471159337522,0.0579304617363942,0.018440177311488795
outcome_dependent_simulation,0.5,nars_imputed_rules,55432,False,0.7368448383839292,0.03731103888429771,0.747539610595092,0.2167432742949171,0.07637069970484706,0.2737655750237552,0.9093145869947276,0.03147122684377511,0.03152320550552747,0.032314968165014474,-0.511065425423625,0.6565359684401856,0.4494745351657235,0.8239913766553741,0.1956368754398311,0.9401739436001054,0.2433306386418755,0.9339390206344318,0.25970664365832613,0.9283636920251033,0.06628940986257073,0.9896057899599631,0.3778801843317972,0.9175471159337522,0.05793052333761969,0.01844017636722737
outcome_dependent_simulation,0.7,baseline,76868,False,0.6478206874900312,0.04492169022721114,0.7152107199755809,0.1363928851636242,0.08708984900746625,0.30381214642170035,0.9049560632688928,0.09010482941374387,0.09720504796466682,0.12414705680602978,-0.9783412419245623,0.4551908264613105,0.0,0.8280720665229443,0.0,0.896847898599066,0.0,0.9384046812442255,0.0,0.9078584729981378,0.0,0.9911456729288574,0.0,0.9123316796598158,0.0579262064894184,0.029163642518047844
outcome_dependent_simulation,0.7,mc_confidence_only,76868,False,0.6484189721732537,0.04492365957520353,0.7161195247948545,0.1367886563652958,0.08707816129472998,0.30371145465070504,0.9048154657293498,0.09011876471831647,0.09784007296035159,0.12404765305913935,-0.9720840801612799,0.45684108839220133,0.0,0.8284570372651678,0.0,0.896890889389014,0.0,0.9384816753926701,0.0,0.9078653359153881,0.0,0.990991684631968,0.0,0.9123192514885171,0.05793091267786392,0.02914724861686606
outcome_dependent_simulation,0.7,nars_gated,76868,False,0.6484189721732537,0.04492365957520353,0.7161157279936781,0.1367868169803357,0.08707835283576702,0.3037121225285543,0.9048154657293498,0.09011886543051977,0.0978309073487374,0.12404808632071584,-0.9721102863436475,0.4568333846752611,0.0,0.8284570372651678,0.0,0.896890889389014,0.0,0.9384816753926701,0.0,0.9078653359153881,0.0,0.990991684631968,0.0,0.9123192514885171,0.0579304617363942,0.029147891099372825
outcome_dependent_simulation,0.7,nars_imputed_rules,76868,False,0.6484189721732537,0.04492365957520353,0.7161113087660795,0.13678491822590827,0.0870786947133172,0.30371326665425774,0.9048154657293498,0.0901189706785925,0.09783126879389985,0.12404869943050231,-0.9721524150761444,0.45682057582268876,0.0,0.8284570372651678,0.0,0.896890889389014,0.0,0.9384816753926701,0.0,0.9078653359153881,0.0,0.990991684631968,0.0,0.9123192514885171,0.05793052333761969,0.02914817137569751
